Cod_setor,Cod_Grandes Regiões,Nome_Grande_Regiao,Cod_UF,Nome_da_UF,Cod_meso,Nome_da_meso,Cod_micro,Nome_da_micro,Cod_RM,Nome_da_RM,Cod_municipio,Nome_do_municipio,Cod_distrito,Nome_do_distrito,Cod_subdistrito,Nome_do_subdistrito,Cod_bairro,Nome_do_bairro,Situacao_setor,Tipo_setor,V001,V002,V003,V004,V005,V006,V007,V008,V009,V010,V011,V012,X34
230730405000001,2,Região Nordeste,23,Ceará,2307,Sul Cearense,23032,Cariri,06,RM Cariri,2307304,JUAZEIRO DO NORTE,230730405,JUAZEIRO DO NORTE,23073040500,JUAZEIRO DO NORTE,2307304022,Salesianos,1,0,119,401,3.37,3,1043.13,3658780.85,1088.89,3770414.76,602.96,1487258.21,885.68,1936068.5,NA
230730405000002,2,Região Nordeste,23,Ceará,2307,Sul Cearense,23032,Cariri,06,RM Cariri,2307304,JUAZEIRO DO NORTE,230730405,JUAZEIRO DO NORTE,23073040500,JUAZEIRO DO NORTE,2307304014,Franciscanos,1,0,199,662,3.33,2.56,778.56,770952.72,824.11,778560.61,461,431118.76,695.63,487466.46,NA
230730405000003,2,Região Nordeste,23,Ceará,2307,Sul Cearense,23032,Cariri,06,RM Cariri,2307304,JUAZEIRO DO NORTE,230730405,JUAZEIRO DO NORTE,23073040500,JUAZEIRO DO NORTE,2307304022,Salesianos,1,0,194,658,3.39,3.94,617.05,457081.96,777.32,451181.97,539.14,959373.84,816.29,1227005.42,NA
230730405000004,2,Região Nordeste,23,Ceará,2307,Sul Cearense,23032,Cariri,06,RM Cariri,2307304,JUAZEIRO DO NORTE,230730405,JUAZEIRO DO NORTE,23073040500,JUAZEIRO DO NORTE,2307304022,Salesianos,1,0,105,342,3.26,2.46,774.18,357180.07,821.1,340129.01,459.71,342161.96,733.04,345257.65,NA
230730405000005,2,Região Nordeste,23,Ceará,2307,Sul Cearense,23032,Cariri,06,RM Cariri,2307304,JUAZEIRO DO NORTE,230730405,JUAZEIRO DO NORTE,23073040500,JUAZEIRO DO NORTE,2307304022,Salesianos,1,0,289,913,3.16,3.17,841.97,1121145.31,872.15,1135059.87,513.52,619726.7,728.71,722801.46,NA
230730405000006,2,Região Nordeste,23,Ceará,2307,Sul Cearense,23032,Cariri,06,RM Cariri,2307304,JUAZEIRO DO NORTE,230730405,JUAZEIRO DO NORTE,23073040500,JUAZEIRO DO NORTE,2307304022,Salesianos,1,0,206,736,3.57,3.66,491.69,668486.6,837.1,850450.22,384.8,474618.93,749.52,651657.33,NA
230730405000007,2,Região Nordeste,23,Ceará,2307,Sul Cearense,23032,Cariri,06,RM Cariri,2307304,JUAZEIRO DO NORTE,230730405,JUAZEIRO DO NORTE,23073040500,JUAZEIRO DO NORTE,2307304022,Salesianos,1,0,226,804,3.56,2.78,729.61,798103.2,788.96,816285.99,406.24,449345.14,668.94,564450.64,NA
230730405000008,2,Região Nordeste,23,Ceará,2307,Sul Cearense,23032,Cariri,06,RM Cariri,2307304,JUAZEIRO DO NORTE,230730405,JUAZEIRO DO NORTE,23073040500,JUAZEIRO DO NORTE,2307304022,Salesianos,1,0,142,476,3.35,2.6,1179.42,1853403.48,1298.27,1886127.14,759.4,1671893.98,1157.05,2088776.05,NA
230730405000009,2,Região Nordeste,23,Ceará,2307,Sul Cearense,23032,Cariri,06,RM Cariri,2307304,JUAZEIRO DO NORTE,230730405,JUAZEIRO DO NORTE,23073040500,JUAZEIRO DO NORTE,2307304022,Salesianos,1,0,299,1035,3.46,2.83,906.95,721114.92,965.04,711206.75,538.92,483114.97,754.15,513792.16,NA
230730405000010,2,Região Nordeste,23,Ceará,2307,Sul Cearense,23032,Cariri,06,RM Cariri,2307304,JUAZEIRO DO NORTE,230730405,JUAZEIRO DO NORTE,23073040500,JUAZEIRO DO NORTE,2307304022,Salesianos,1,0,146,580,3.97,4.3,659.58,603510.13,746.5,618269.52,338.37,290153.7,601.41,357761.92,NA
230730405000012,2,Região Nordeste,23,Ceará,2307,Sul Cearense,23032,Cariri,06,RM Cariri,2307304,JUAZEIRO DO NORTE,230730405,JUAZEIRO DO NORTE,23073040500,JUAZEIRO DO NORTE,2307304036,Santo Antonio,1,0,247,846,3.43,2.27,564.57,929397.4,850.29,1158207.72,347.51,478367.64,685.63,712613.42,NA
230730405000013,2,Região Nordeste,23,Ceará,2307,Sul Cearense,23032,Cariri,06,RM Cariri,2307304,JUAZEIRO DO NORTE,230730405,JUAZEIRO DO NORTE,23073040500,JUAZEIRO DO NORTE,2307304036,Santo Antonio,1,0,220,807,3.67,3.25,803.25,1453705.15,906.23,1547232.89,492.25,700097.94,714.9,857943.18,NA
230730405000014,2,Região Nordeste,23,Ceará,2307,Sul Cearense,23032,Cariri,06,RM Cariri,2307304,JUAZEIRO DO NORTE,230730405,JUAZEIRO DO NORTE,23073040500,JUAZEIRO DO NORTE,2307304036,Santo Antonio,1,0,228,783,3.43,2.24,584.89,490598.61,683.87,506012.44,376.27,397225.68,646.65,508105.7,NA
230730405000015,2,Região Nordeste,23,Ceará,2307,Sul Cearense,23032,Cariri,06,RM Cariri,2307304,JUAZEIRO DO NORTE,230730405,JUAZEIRO DO NORTE,23073040500,JUAZEIRO DO NORTE,2307304022,Salesianos,1,0,180,642,3.57,3.7,677.36,677392.84,734.48,692656.02,398.18,428020.44,660.33,537053.95,NA
230730405000016,2,Região Nordeste,23,Ceará,2307,Sul Cearense,23032,Cariri,06,RM Cariri,2307304,JUAZEIRO DO NORTE,230730405,JUAZEIRO DO NORTE,23073040500,JUAZEIRO DO NORTE,2307304022,Salesianos,1,0,292,986,3.38,2.62,1156.38,3158969.4,1214.62,3247640.07,638.73,1414169.06,966.49,1823772.27,NA
230730405000017,2,Região Nordeste,23,Ceará,2307,Sul Cearense,23032,Cariri,06,RM Cariri,2307304,JUAZEIRO DO NORTE,230730405,JUAZEIRO DO NORTE,23073040500,JUAZEIRO DO NORTE,2307304022,Salesianos,1,0,219,738,3.37,2.42,865.2,1104448.7,902.28,1118392,545.88,592788.71,774.31,664125.04,NA
230730405000018,2,Região Nordeste,23,Ceará,2307,Sul Cearense,23032,Cariri,06,RM Cariri,2307304,JUAZEIRO DO NORTE,230730405,JUAZEIRO DO NORTE,23073040500,JUAZEIRO DO NORTE,2307304022,Salesianos,1,0,180,627,3.48,3.36,1084.52,1081253.42,1183.11,1062791.71,602.93,754564.03,977.58,857489.45,NA
230730405000019,2,Região Nordeste,23,Ceará,2307,Sul Cearense,23032,Cariri,06,RM Cariri,2307304,JUAZEIRO DO NORTE,230730405,JUAZEIRO DO NORTE,23073040500,JUAZEIRO DO NORTE,2307304022,Salesianos,1,0,211,739,3.5,3.18,2026.21,12093320.84,2065.37,12246882.9,976.09,5074187.3,1485.75,6970841.89,NA
230730405000020,2,Região Nordeste,23,Ceará,2307,Sul Cearense,23032,Cariri,06,RM Cariri,2307304,JUAZEIRO DO NORTE,230730405,JUAZEIRO DO NORTE,23073040500,JUAZEIRO DO NORTE,2307304022,Salesianos,1,0,261,867,3.32,3.18,876.29,1093706.97,1063.77,1128429.87,515,713286.85,878.99,897885.42,NA
230730405000021,2,Região Nordeste,23,Ceará,2307,Sul Cearense,23032,Cariri,06,RM Cariri,2307304,JUAZEIRO DO NORTE,230730405,JUAZEIRO DO NORTE,23073040500,JUAZEIRO DO NORTE,2307304022,Salesianos,1,0,223,735,3.3,2.94,1184.82,5525814.3,1252.2,5756796.51,631.01,2223773.5,942.31,3029287.19,NA
230730405000022,2,Região Nordeste,23,Ceará,2307,Sul Cearense,23032,Cariri,06,RM Cariri,2307304,JUAZEIRO DO NORTE,230730405,JUAZEIRO DO NORTE,23073040500,JUAZEIRO DO NORTE,2307304022,Salesianos,1,0,184,667,3.63,3.38,706.93,413511.42,765.15,402958.11,357.1,254632.8,620.68,279054.44,NA
230730405000023,2,Região Nordeste,23,Ceará,2307,Sul Cearense,23032,Cariri,06,RM Cariri,2307304,JUAZEIRO DO NORTE,230730405,JUAZEIRO DO NORTE,23073040500,JUAZEIRO DO NORTE,2307304022,Salesianos,1,0,193,694,3.6,3.25,752.76,472962.06,807.13,463185.71,427.91,288268.18,670.39,289063.91,NA
230730405000024,2,Região Nordeste,23,Ceará,2307,Sul Cearense,23032,Cariri,06,RM Cariri,2307304,JUAZEIRO DO NORTE,230730405,JUAZEIRO DO NORTE,23073040500,JUAZEIRO DO NORTE,2307304001,Centro,1,0,125,404,3.23,3.26,1663.48,7710168.62,2038.58,8693711.06,817.07,3085534.42,1537.82,4705533.82,NA
230730405000025,2,Região Nordeste,23,Ceará,2307,Sul Cearense,23032,Cariri,06,RM Cariri,2307304,JUAZEIRO DO NORTE,230730405,JUAZEIRO DO NORTE,23073040500,JUAZEIRO DO NORTE,2307304001,Centro,1,0,175,543,3.1,3.83,1899.23,3928525.59,1955.09,3934897.37,1065.82,2611153.55,1500.16,3024761.35,NA
230730405000026,2,Região Nordeste,23,Ceará,2307,Sul Cearense,23032,Cariri,06,RM Cariri,2307304,JUAZEIRO DO NORTE,230730405,JUAZEIRO DO NORTE,23073040500,JUAZEIRO DO NORTE,2307304001,Centro,1,0,235,771,3.28,2.47,1841.59,5178002.42,1898.13,5229883.7,993.81,2768882.49,1446.27,3376360.7,NA
230730405000027,2,Região Nordeste,23,Ceará,2307,Sul Cearense,23032,Cariri,06,RM Cariri,2307304,JUAZEIRO DO NORTE,230730405,JUAZEIRO DO NORTE,23073040500,JUAZEIRO DO NORTE,2307304001,Centro,1,0,182,541,2.97,2.31,1248.5,2227598.12,1360.64,2275384.7,788.12,1618078,1163.19,1952856.45,NA
230730405000028,2,Região Nordeste,23,Ceará,2307,Sul Cearense,23032,Cariri,06,RM Cariri,2307304,JUAZEIRO DO NORTE,230730405,JUAZEIRO DO NORTE,23073040500,JUAZEIRO DO NORTE,2307304001,Centro,1,0,175,544,3.11,2.63,1603.07,3614526.13,1700.22,3668730.41,886.58,2291104.53,1329.88,2848812.79,NA
230730405000029,2,Região Nordeste,23,Ceará,2307,Sul Cearense,23032,Cariri,06,RM Cariri,2307304,JUAZEIRO DO NORTE,230730405,JUAZEIRO DO NORTE,23073040500,JUAZEIRO DO NORTE,2307304014,Franciscanos,1,0,152,482,3.17,2.28,512.04,116842.83,589.62,88588.41,369.28,127015.89,567.2,82671.17,NA
230730405000030,2,Região Nordeste,23,Ceará,2307,Sul Cearense,23032,Cariri,06,RM Cariri,2307304,JUAZEIRO DO NORTE,230730405,JUAZEIRO DO NORTE,23073040500,JUAZEIRO DO NORTE,2307304001,Centro,1,0,136,416,3.06,2.75,3001.2,146426198.68,3345.6,162206326.89,1659.77,73990406.69,2427.64,106472338.77,NA
230730405000031,2,Região Nordeste,23,Ceará,2307,Sul Cearense,23032,Cariri,06,RM Cariri,2307304,JUAZEIRO DO NORTE,230730405,JUAZEIRO DO NORTE,23073040500,JUAZEIRO DO NORTE,2307304010,Novo Juazeiro,1,0,106,395,3.73,1.8,1994.86,4059234.5,2093.61,4053373.06,1062.43,3676052.76,1760.31,4868084.56,NA
230730405000032,2,Região Nordeste,23,Ceará,2307,Sul Cearense,23032,Cariri,06,RM Cariri,2307304,JUAZEIRO DO NORTE,230730405,JUAZEIRO DO NORTE,23073040500,JUAZEIRO DO NORTE,2307304001,Centro,1,0,191,659,3.45,2.4,1684.47,3676143.9,1758.11,3707557.5,908.41,2480788.54,1384.14,3123085.82,NA
230730405000033,2,Região Nordeste,23,Ceará,2307,Sul Cearense,23032,Cariri,06,RM Cariri,2307304,JUAZEIRO DO NORTE,230730405,JUAZEIRO DO NORTE,23073040500,JUAZEIRO DO NORTE,2307304001,Centro,1,0,175,539,3.08,2.88,1453.32,5615744.52,1579.7,5906239.38,949.37,3605567.73,1334.39,4556701.79,NA
230730405000034,2,Região Nordeste,23,Ceará,2307,Sul Cearense,23032,Cariri,06,RM Cariri,2307304,JUAZEIRO DO NORTE,230730405,JUAZEIRO DO NORTE,23073040500,JUAZEIRO DO NORTE,2307304001,Centro,1,0,174,529,3.04,2.34,1185.34,2204491.95,1273.14,2256322.04,822.05,1665289.76,1130.61,1942299.76,NA
230730405000035,2,Região Nordeste,23,Ceará,2307,Sul Cearense,23032,Cariri,06,RM Cariri,2307304,JUAZEIRO DO NORTE,230730405,JUAZEIRO DO NORTE,23073040500,JUAZEIRO DO NORTE,2307304001,Centro,1,0,195,590,3.03,2.49,2235.18,9005371.08,2434.98,9325617.95,1248.77,5218954.07,1807.87,6548371.91,NA
230730405000036,2,Região Nordeste,23,Ceará,2307,Sul Cearense,23032,Cariri,06,RM Cariri,2307304,JUAZEIRO DO NORTE,230730405,JUAZEIRO DO NORTE,23073040500,JUAZEIRO DO NORTE,2307304003,São Miguel,1,0,237,803,3.39,2.32,1528.06,2478195.11,1581.45,2480358.14,790.3,1544645.77,1225.73,1862674.9,NA
230730405000037,2,Região Nordeste,23,Ceará,2307,Sul Cearense,23032,Cariri,06,RM Cariri,2307304,JUAZEIRO DO NORTE,230730405,JUAZEIRO DO NORTE,23073040500,JUAZEIRO DO NORTE,2307304003,São Miguel,1,0,278,992,3.57,2.87,1243.26,4579905.26,1324.24,4771712.69,589.1,1803008.64,951.06,2567941.6,NA
230730405000038,2,Região Nordeste,23,Ceará,2307,Sul Cearense,23032,Cariri,06,RM Cariri,2307304,JUAZEIRO DO NORTE,230730405,JUAZEIRO DO NORTE,23073040500,JUAZEIRO DO NORTE,2307304003,São Miguel,1,0,243,796,3.28,3,745.45,844979.5,815.96,867473.29,469.61,607254.83,725.3,752749.85,NA
230730405000039,2,Região Nordeste,23,Ceará,2307,Sul Cearense,23032,Cariri,06,RM Cariri,2307304,JUAZEIRO DO NORTE,230730405,JUAZEIRO DO NORTE,23073040500,JUAZEIRO DO NORTE,2307304003,São Miguel,1,0,311,1059,3.41,3.04,1146.17,2096801.33,1204.26,2133234.25,643.38,1186189.09,932.6,1450103.35,NA
230730405000040,2,Região Nordeste,23,Ceará,2307,Sul Cearense,23032,Cariri,06,RM Cariri,2307304,JUAZEIRO DO NORTE,230730405,JUAZEIRO DO NORTE,23073040500,JUAZEIRO DO NORTE,2307304003,São Miguel,1,0,254,910,3.58,3.08,786.51,1336782.06,1008.95,1491203.16,438.14,615699.97,791.35,833018.05,NA
230730405000041,2,Região Nordeste,23,Ceará,2307,Sul Cearense,23032,Cariri,06,RM Cariri,2307304,JUAZEIRO DO NORTE,230730405,JUAZEIRO DO NORTE,23073040500,JUAZEIRO DO NORTE,2307304003,São Miguel,1,0,127,412,3.24,3.07,835.51,562487.63,862.68,557297.66,445.1,347640.22,716.45,365246.57,NA
230730405000042,2,Região Nordeste,23,Ceará,2307,Sul Cearense,23032,Cariri,06,RM Cariri,2307304,JUAZEIRO DO NORTE,230730405,JUAZEIRO DO NORTE,23073040500,JUAZEIRO DO NORTE,2307304003,São Miguel,1,0,260,887,3.41,3.76,959.34,959647.38,1043.64,955980.6,581.82,674632.13,895.79,757600.02,NA
230730405000043,2,Região Nordeste,23,Ceará,2307,Sul Cearense,23032,Cariri,06,RM Cariri,2307304,JUAZEIRO DO NORTE,230730405,JUAZEIRO DO NORTE,23073040500,JUAZEIRO DO NORTE,2307304003,São Miguel,1,0,204,665,3.26,2.18,1007.64,2242415.42,1148.37,2394840.29,588.37,1081852.88,923.09,1389109.62,NA
230730405000044,2,Região Nordeste,23,Ceará,2307,Sul Cearense,23032,Cariri,06,RM Cariri,2307304,JUAZEIRO DO NORTE,230730405,JUAZEIRO DO NORTE,23073040500,JUAZEIRO DO NORTE,2307304003,São Miguel,1,0,272,866,3.18,2.74,1654.49,53272154.4,1730.85,55607683.12,893.91,19426684.99,1328.83,28317677.31,NA
230730405000045,2,Região Nordeste,23,Ceará,2307,Sul Cearense,23032,Cariri,06,RM Cariri,2307304,JUAZEIRO DO NORTE,230730405,JUAZEIRO DO NORTE,23073040500,JUAZEIRO DO NORTE,2307304014,Franciscanos,1,0,219,799,3.65,3.98,735.26,618828,851.97,617615.53,427.32,368703.9,707.03,412391.03,NA
230730405000046,2,Região Nordeste,23,Ceará,2307,Sul Cearense,23032,Cariri,06,RM Cariri,2307304,JUAZEIRO DO NORTE,230730405,JUAZEIRO DO NORTE,23073040500,JUAZEIRO DO NORTE,2307304014,Franciscanos,1,0,200,664,3.32,3.07,660.15,1135017.27,754.45,1226535.94,415.74,796535.35,679.98,1124055.84,NA
230730405000047,2,Região Nordeste,23,Ceará,2307,Sul Cearense,23032,Cariri,06,RM Cariri,2307304,JUAZEIRO DO NORTE,230730405,JUAZEIRO DO NORTE,23073040500,JUAZEIRO DO NORTE,2307304014,Franciscanos,1,0,224,731,3.26,2.28,771.82,537726.06,831.19,529702.41,474.09,358655.85,672.84,375322.62,NA
230730405000048,2,Região Nordeste,23,Ceará,2307,Sul Cearense,23032,Cariri,06,RM Cariri,2307304,JUAZEIRO DO NORTE,230730405,JUAZEIRO DO NORTE,23073040500,JUAZEIRO DO NORTE,2307304014,Franciscanos,1,0,182,583,3.2,3.81,723.16,855358.29,807.45,887193.89,437.56,437740.4,671.02,514874.49,NA
230730405000049,2,Região Nordeste,23,Ceará,2307,Sul Cearense,23032,Cariri,06,RM Cariri,2307304,JUAZEIRO DO NORTE,230730405,JUAZEIRO DO NORTE,23073040500,JUAZEIRO DO NORTE,2307304014,Franciscanos,1,0,233,857,3.68,4.21,828.37,981924.98,910.42,1004592.79,429.31,488022.56,736.64,611270.23,NA
230730405000050,2,Região Nordeste,23,Ceará,2307,Sul Cearense,23032,Cariri,06,RM Cariri,2307304,JUAZEIRO DO NORTE,230730405,JUAZEIRO DO NORTE,23073040500,JUAZEIRO DO NORTE,2307304014,Franciscanos,1,0,194,661,3.41,3.02,582.47,654106.42,773.97,721404.17,427.69,409968.75,706.24,480460.81,NA
230730405000051,2,Região Nordeste,23,Ceará,2307,Sul Cearense,23032,Cariri,06,RM Cariri,2307304,JUAZEIRO DO NORTE,230730405,JUAZEIRO DO NORTE,23073040500,JUAZEIRO DO NORTE,2307304014,Franciscanos,1,0,185,599,3.24,2.62,773.65,710218.82,888.98,713588.47,409.26,397875,764.89,471848.55,NA
230730405000052,2,Região Nordeste,23,Ceará,2307,Sul Cearense,23032,Cariri,06,RM Cariri,2307304,JUAZEIRO DO NORTE,230730405,JUAZEIRO DO NORTE,23073040500,JUAZEIRO DO NORTE,2307304014,Franciscanos,1,0,203,674,3.32,3.59,555.96,314500.82,684,299259.99,382.23,234362.54,650.22,224399.76,NA
230730405000053,2,Região Nordeste,23,Ceará,2307,Sul Cearense,23032,Cariri,06,RM Cariri,2307304,JUAZEIRO DO NORTE,230730405,JUAZEIRO DO NORTE,23073040500,JUAZEIRO DO NORTE,2307304014,Franciscanos,1,0,184,586,3.18,2.38,746.18,626101.55,812.41,627877.48,451.76,387307.94,712.81,425144.96,NA
230730405000054,2,Região Nordeste,23,Ceará,2307,Sul Cearense,23032,Cariri,06,RM Cariri,2307304,JUAZEIRO DO NORTE,230730405,JUAZEIRO DO NORTE,23073040500,JUAZEIRO DO NORTE,2307304014,Franciscanos,1,0,257,848,3.3,2.63,541.37,254624.05,635.31,239056.02,346.52,197752.11,578.57,195917.96,NA
230730405000055,2,Região Nordeste,23,Ceará,2307,Sul Cearense,23032,Cariri,06,RM Cariri,2307304,JUAZEIRO DO NORTE,230730405,JUAZEIRO DO NORTE,23073040500,JUAZEIRO DO NORTE,2307304014,Franciscanos,1,0,248,836,3.37,2.83,648.67,372148.5,693.4,366771.07,361.49,234505.86,615.13,243043.24,NA
230730405000056,2,Região Nordeste,23,Ceará,2307,Sul Cearense,23032,Cariri,06,RM Cariri,2307304,JUAZEIRO DO NORTE,230730405,JUAZEIRO DO NORTE,23073040500,JUAZEIRO DO NORTE,2307304014,Franciscanos,1,0,257,955,3.72,3.09,604.04,273423.53,657.78,262351.53,332.04,184611.46,550.03,185913.38,NA
230730405000057,2,Região Nordeste,23,Ceará,2307,Sul Cearense,23032,Cariri,06,RM Cariri,2307304,JUAZEIRO DO NORTE,230730405,JUAZEIRO DO NORTE,23073040500,JUAZEIRO DO NORTE,2307304019,Triângulo,1,0,288,1026,3.56,2.88,436.47,95886.08,492.95,80390.49,257.05,91121.27,425.28,79187.1,NA
230730405000058,2,Região Nordeste,23,Ceará,2307,Sul Cearense,23032,Cariri,06,RM Cariri,2307304,JUAZEIRO DO NORTE,230730405,JUAZEIRO DO NORTE,23073040500,JUAZEIRO DO NORTE,2307304014,Franciscanos,1,0,235,845,3.6,3.51,827.54,1161250.57,892.08,1194390.09,416.12,526556.55,730.41,695093.78,NA
230730405000059,2,Região Nordeste,23,Ceará,2307,Sul Cearense,23032,Cariri,06,RM Cariri,2307304,JUAZEIRO DO NORTE,230730405,JUAZEIRO DO NORTE,23073040500,JUAZEIRO DO NORTE,2307304014,Franciscanos,1,0,190,649,3.42,3.02,842.79,719908.1,884.7,718622.41,486.24,536081.47,755.78,629795.88,NA
230730405000060,2,Região Nordeste,23,Ceará,2307,Sul Cearense,23032,Cariri,06,RM Cariri,2307304,JUAZEIRO DO NORTE,230730405,JUAZEIRO DO NORTE,23073040500,JUAZEIRO DO NORTE,2307304021,Santa Teresa,1,0,202,692,3.43,3.17,707.43,729947.96,740.42,739611.35,405.26,535687.38,657.87,703861.82,NA
230730405000061,2,Região Nordeste,23,Ceará,2307,Sul Cearense,23032,Cariri,06,RM Cariri,2307304,JUAZEIRO DO NORTE,230730405,JUAZEIRO DO NORTE,23073040500,JUAZEIRO DO NORTE,2307304021,Santa Teresa,1,0,219,795,3.63,3.56,508.59,227043.16,629.28,204849.26,363.68,271482.85,604.06,305805.56,NA
230730405000062,2,Região Nordeste,23,Ceará,2307,Sul Cearense,23032,Cariri,06,RM Cariri,2307304,JUAZEIRO DO NORTE,230730405,JUAZEIRO DO NORTE,23073040500,JUAZEIRO DO NORTE,2307304021,Santa Teresa,1,0,173,640,3.7,3.27,667.91,432639.24,740.7,425830.11,377.81,280619.89,631.22,308971.64,NA
230730405000063,2,Região Nordeste,23,Ceará,2307,Sul Cearense,23032,Cariri,06,RM Cariri,2307304,JUAZEIRO DO NORTE,230730405,JUAZEIRO DO NORTE,23073040500,JUAZEIRO DO NORTE,2307304021,Santa Teresa,1,0,202,697,3.45,2.95,416.02,447953.02,700.31,555867.37,249.28,244071.43,570.31,375812.32,NA
230730405000064,2,Região Nordeste,23,Ceará,2307,Sul Cearense,23032,Cariri,06,RM Cariri,2307304,JUAZEIRO DO NORTE,230730405,JUAZEIRO DO NORTE,23073040500,JUAZEIRO DO NORTE,2307304021,Santa Teresa,1,0,269,873,3.25,3.01,1245.78,2011239.95,1303.95,2029370.97,665.98,1356881.04,1061.44,1743650.32,NA
230730405000065,2,Região Nordeste,23,Ceará,2307,Sul Cearense,23032,Cariri,06,RM Cariri,2307304,JUAZEIRO DO NORTE,230730405,JUAZEIRO DO NORTE,23073040500,JUAZEIRO DO NORTE,2307304003,São Miguel,1,0,238,846,3.55,3.27,1166.2,2284804.82,1228.12,2330275.48,676.24,1162309.99,1024.28,1404505.81,NA
230730405000066,2,Região Nordeste,23,Ceará,2307,Sul Cearense,23032,Cariri,06,RM Cariri,2307304,JUAZEIRO DO NORTE,230730405,JUAZEIRO DO NORTE,23073040500,JUAZEIRO DO NORTE,2307304021,Santa Teresa,1,0,179,619,3.46,3.28,741.41,704556.31,785.28,711838.75,394.2,344210.27,594.61,400193.48,NA
230730405000067,2,Região Nordeste,23,Ceará,2307,Sul Cearense,23032,Cariri,06,RM Cariri,2307304,JUAZEIRO DO NORTE,230730405,JUAZEIRO DO NORTE,23073040500,JUAZEIRO DO NORTE,2307304021,Santa Teresa,1,0,181,601,3.32,3.01,607.39,262866.03,654.39,252387.63,359.19,181469.57,567.38,168487.75,NA
230730405000068,2,Região Nordeste,23,Ceará,2307,Sul Cearense,23032,Cariri,06,RM Cariri,2307304,JUAZEIRO DO NORTE,230730405,JUAZEIRO DO NORTE,23073040500,JUAZEIRO DO NORTE,2307304021,Santa Teresa,1,0,72,253,3.51,3.75,551.53,227617.86,673.05,195434.26,380.14,274619.04,686.11,285819.9,NA
230730405000069,2,Região Nordeste,23,Ceará,2307,Sul Cearense,23032,Cariri,06,RM Cariri,2307304,JUAZEIRO DO NORTE,230730405,JUAZEIRO DO NORTE,23073040500,JUAZEIRO DO NORTE,2307304021,Santa Teresa,1,0,279,1048,3.76,3.57,499.54,164465.49,536.04,156886.93,293.48,126557.42,464.59,120838.1,NA
230730405000070,2,Região Nordeste,23,Ceará,2307,Sul Cearense,23032,Cariri,06,RM Cariri,2307304,JUAZEIRO DO NORTE,230730405,JUAZEIRO DO NORTE,23073040500,JUAZEIRO DO NORTE,2307304021,Santa Teresa,1,0,186,698,3.75,3.7,559.34,306704.38,611.98,303333.86,299.81,247367.4,530.08,315506.21,NA
230730405000071,2,Região Nordeste,23,Ceará,2307,Sul Cearense,23032,Cariri,06,RM Cariri,2307304,JUAZEIRO DO NORTE,230730405,JUAZEIRO DO NORTE,23073040500,JUAZEIRO DO NORTE,2307304019,Triângulo,1,0,171,653,3.82,4.08,1095.9,3003018.81,1156.78,3100023.08,544.57,1245210.3,830.31,1662490.14,NA
230730405000072,2,Região Nordeste,23,Ceará,2307,Sul Cearense,23032,Cariri,06,RM Cariri,2307304,JUAZEIRO DO NORTE,230730405,JUAZEIRO DO NORTE,23073040500,JUAZEIRO DO NORTE,2307304019,Triângulo,1,0,190,587,3.09,2.63,1497.77,4569112.8,1801.12,4950553.27,996.64,2941432.48,1416.42,3587631.57,NA
230730405000073,2,Região Nordeste,23,Ceará,2307,Sul Cearense,23032,Cariri,06,RM Cariri,2307304,JUAZEIRO DO NORTE,230730405,JUAZEIRO DO NORTE,23073040500,JUAZEIRO DO NORTE,2307304019,Triângulo,1,0,333,1286,3.86,4.29,559.56,278809.46,608.93,273327.73,294.19,169942.17,516.97,183485.64,NA
230730405000074,2,Região Nordeste,23,Ceará,2307,Sul Cearense,23032,Cariri,06,RM Cariri,2307304,JUAZEIRO DO NORTE,230730405,JUAZEIRO DO NORTE,23073040500,JUAZEIRO DO NORTE,2307304019,Triângulo,1,0,150,575,3.83,2.5,487.49,103712.82,545.69,84187.31,291.56,103029.13,502.25,71547.86,NA
230730405000075,2,Região Nordeste,23,Ceará,2307,Sul Cearense,23032,Cariri,06,RM Cariri,2307304,JUAZEIRO DO NORTE,230730405,JUAZEIRO DO NORTE,23073040500,JUAZEIRO DO NORTE,2307304019,Triângulo,1,0,225,819,3.64,3.2,512.45,132336.17,594.34,104672.26,283.2,126873.51,519.72,109864.44,NA
230730405000076,2,Região Nordeste,23,Ceará,2307,Sul Cearense,23032,Cariri,06,RM Cariri,2307304,JUAZEIRO DO NORTE,230730405,JUAZEIRO DO NORTE,23073040500,JUAZEIRO DO NORTE,2307304019,Triângulo,1,0,350,1272,3.63,2.77,674.74,610396.99,726.64,619664.42,376.01,315456.94,608.86,369118.65,NA
230730405000077,2,Região Nordeste,23,Ceará,2307,Sul Cearense,23032,Cariri,06,RM Cariri,2307304,JUAZEIRO DO NORTE,230730405,JUAZEIRO DO NORTE,23073040500,JUAZEIRO DO NORTE,2307304019,Triângulo,1,0,229,755,3.3,2.21,613.71,361545.21,695.74,352754.73,362.23,307459.49,619.97,366601.47,NA
230730405000078,2,Região Nordeste,23,Ceará,2307,Sul Cearense,23032,Cariri,06,RM Cariri,2307304,JUAZEIRO DO NORTE,230730405,JUAZEIRO DO NORTE,23073040500,JUAZEIRO DO NORTE,2307304036,Santo Antonio,1,0,54,200,3.7,2.63,791.5,354085.65,838.06,335531.38,586.1,1333214.06,790.28,1638290.24,NA
230730405000079,2,Região Nordeste,23,Ceará,2307,Sul Cearense,23032,Cariri,06,RM Cariri,2307304,JUAZEIRO DO NORTE,230730405,JUAZEIRO DO NORTE,23073040500,JUAZEIRO DO NORTE,2307304020,Antônio Vieira,1,0,249,838,3.37,2.98,608.32,670582.56,711.13,710995.79,365.39,364959.07,650.51,464516.09,NA
230730405000080,2,Região Nordeste,23,Ceará,2307,Sul Cearense,23032,Cariri,06,RM Cariri,2307304,JUAZEIRO DO NORTE,230730405,JUAZEIRO DO NORTE,23073040500,JUAZEIRO DO NORTE,2307304023,Socorro,1,0,264,892,3.38,3.1,743.25,858860.55,849.43,891504.19,493.05,511617.55,738.19,585167.85,NA
230730405000081,2,Região Nordeste,23,Ceará,2307,Sul Cearense,23032,Cariri,06,RM Cariri,2307304,JUAZEIRO DO NORTE,230730405,JUAZEIRO DO NORTE,23073040500,JUAZEIRO DO NORTE,2307304023,Socorro,1,0,245,865,3.53,4.44,1066.88,2410792.19,1156.58,2510171.76,566.88,1072717.44,900.93,1404553.12,NA
230730405000082,2,Região Nordeste,23,Ceará,2307,Sul Cearense,23032,Cariri,06,RM Cariri,2307304,JUAZEIRO DO NORTE,230730405,JUAZEIRO DO NORTE,23073040500,JUAZEIRO DO NORTE,2307304023,Socorro,1,0,199,652,3.28,2.09,622.71,539778.32,831.67,547173.45,576.09,642086.14,847.8,714756.38,NA
230730405000083,2,Região Nordeste,23,Ceará,2307,Sul Cearense,23032,Cariri,06,RM Cariri,2307304,JUAZEIRO DO NORTE,230730405,JUAZEIRO DO NORTE,23073040500,JUAZEIRO DO NORTE,2307304005,Fátima,1,0,379,1342,3.54,2.22,1053.58,1661729.47,1073.4,1671744.86,548.95,922419.98,845.85,1170524.97,NA
230730405000084,2,Região Nordeste,23,Ceará,2307,Sul Cearense,23032,Cariri,06,RM Cariri,2307304,JUAZEIRO DO NORTE,230730405,JUAZEIRO DO NORTE,23073040500,JUAZEIRO DO NORTE,2307304005,Fátima,1,0,205,691,3.37,2.41,903.92,5031974.55,1035.21,5630300.06,608,6210387,980.86,9662781.99,NA
230730405000085,2,Região Nordeste,23,Ceará,2307,Sul Cearense,23032,Cariri,06,RM Cariri,2307304,JUAZEIRO DO NORTE,230730405,JUAZEIRO DO NORTE,23073040500,JUAZEIRO DO NORTE,2307304005,Fátima,1,0,183,642,3.51,2.32,816.81,1208666.77,970.62,1287488.6,486.36,1254185.19,834.82,1863722.41,NA
230730405000086,2,Região Nordeste,23,Ceará,2307,Sul Cearense,23032,Cariri,06,RM Cariri,2307304,JUAZEIRO DO NORTE,230730405,JUAZEIRO DO NORTE,23073040500,JUAZEIRO DO NORTE,2307304005,Fátima,1,0,159,614,3.86,4.71,375.11,74048.88,469.62,48116.28,297.09,70255.65,453.08,36368.93,NA
230730405000087,2,Região Nordeste,23,Ceará,2307,Sul Cearense,23032,Cariri,06,RM Cariri,2307304,JUAZEIRO DO NORTE,230730405,JUAZEIRO DO NORTE,23073040500,JUAZEIRO DO NORTE,2307304013,Pio XII,1,0,281,1063,3.78,3.48,598.21,234514.9,644.05,222917.47,353.8,204418.88,567.23,206677.18,NA
230730405000088,2,Região Nordeste,23,Ceará,2307,Sul Cearense,23032,Cariri,06,RM Cariri,2307304,JUAZEIRO DO NORTE,230730405,JUAZEIRO DO NORTE,23073040500,JUAZEIRO DO NORTE,2307304013,Pio XII,1,0,296,1088,3.68,3.15,293.17,91825.1,507.48,49947.27,244.71,81347.74,480.5,46359.46,NA
230730405000089,2,Região Nordeste,23,Ceará,2307,Sul Cearense,23032,Cariri,06,RM Cariri,2307304,JUAZEIRO DO NORTE,230730405,JUAZEIRO DO NORTE,23073040500,JUAZEIRO DO NORTE,2307304013,Pio XII,1,0,193,674,3.49,3.11,503.44,75992.34,539.79,61775.19,296.31,92469.63,463.71,67012.76,NA
230730405000090,2,Região Nordeste,23,Ceará,2307,Sul Cearense,23032,Cariri,06,RM Cariri,2307304,JUAZEIRO DO NORTE,230730405,JUAZEIRO DO NORTE,23073040500,JUAZEIRO DO NORTE,2307304013,Pio XII,1,0,210,756,3.6,2.94,423.63,98705.63,505.47,76279.43,267.18,161632.63,487.36,187598.68,NA
230730405000091,2,Região Nordeste,23,Ceará,2307,Sul Cearense,23032,Cariri,06,RM Cariri,2307304,JUAZEIRO DO NORTE,230730405,JUAZEIRO DO NORTE,23073040500,JUAZEIRO DO NORTE,2307304013,Pio XII,1,0,232,875,3.77,2.78,523.81,178724.58,613.75,154085.33,274.59,139853.17,527.77,135171.33,NA
230730405000092,2,Região Nordeste,23,Ceará,2307,Sul Cearense,23032,Cariri,06,RM Cariri,2307304,JUAZEIRO DO NORTE,230730405,JUAZEIRO DO NORTE,23073040500,JUAZEIRO DO NORTE,2307304013,Pio XII,1,0,209,721,3.45,2.27,493.58,75678.69,537.29,58810.67,282.69,84326.61,470.14,52028.12,NA
230730405000093,2,Região Nordeste,23,Ceará,2307,Sul Cearense,23032,Cariri,06,RM Cariri,2307304,JUAZEIRO DO NORTE,230730405,JUAZEIRO DO NORTE,23073040500,JUAZEIRO DO NORTE,2307304013,Pio XII,1,0,224,777,3.47,1.94,607.39,184734.87,650.98,169542.8,358.1,173964.11,576.27,154175.42,NA
230730405000094,2,Região Nordeste,23,Ceará,2307,Sul Cearense,23032,Cariri,06,RM Cariri,2307304,JUAZEIRO DO NORTE,230730405,JUAZEIRO DO NORTE,23073040500,JUAZEIRO DO NORTE,2307304013,Pio XII,1,0,228,736,3.23,2.61,580.39,302237.27,668.32,289194.4,383.29,205195.03,591.84,193385.94,NA
230730405000095,2,Região Nordeste,23,Ceará,2307,Sul Cearense,23032,Cariri,06,RM Cariri,2307304,JUAZEIRO DO NORTE,230730405,JUAZEIRO DO NORTE,23073040500,JUAZEIRO DO NORTE,2307304013,Pio XII,1,0,206,659,3.2,2.97,601.81,239455.32,659.43,224305.4,382.47,192839.15,585.62,176252.89,NA
230730405000096,2,Região Nordeste,23,Ceará,2307,Sul Cearense,23032,Cariri,06,RM Cariri,2307304,JUAZEIRO DO NORTE,230730405,JUAZEIRO DO NORTE,23073040500,JUAZEIRO DO NORTE,2307304013,Pio XII,1,0,174,653,3.75,3.93,415.89,85753.24,513.22,55655.53,270.47,79259.39,476.37,41388.65,NA
230730405000097,2,Região Nordeste,23,Ceará,2307,Sul Cearense,23032,Cariri,06,RM Cariri,2307304,JUAZEIRO DO NORTE,230730405,JUAZEIRO DO NORTE,23073040500,JUAZEIRO DO NORTE,2307304013,Pio XII,1,0,313,1066,3.41,2.72,445.11,294359.42,533.79,305713.14,317.46,188417.52,517.63,203636.37,NA
230730405000098,2,Região Nordeste,23,Ceará,2307,Sul Cearense,23032,Cariri,06,RM Cariri,2307304,JUAZEIRO DO NORTE,230730405,JUAZEIRO DO NORTE,23073040500,JUAZEIRO DO NORTE,2307304012,Timbaúba,1,0,259,929,3.59,2.99,626.51,984162.96,708.59,1055245.53,391.67,517882.57,617.31,677286.82,NA
230730405000099,2,Região Nordeste,23,Ceará,2307,Sul Cearense,23032,Cariri,06,RM Cariri,2307304,JUAZEIRO DO NORTE,230730405,JUAZEIRO DO NORTE,23073040500,JUAZEIRO DO NORTE,2307304012,Timbaúba,1,0,54,200,3.7,3.46,752.33,930850.08,796.59,950743.09,405.59,494595.56,681.56,644583.1,NA
230730405000100,2,Região Nordeste,23,Ceará,2307,Sul Cearense,23032,Cariri,06,RM Cariri,2307304,JUAZEIRO DO NORTE,230730405,JUAZEIRO DO NORTE,23073040500,JUAZEIRO DO NORTE,2307304012,Timbaúba,1,0,150,527,3.51,3,648.21,610690.58,709.72,625090.79,378.46,325143.85,558.81,379484.59,NA
230730405000101,2,Região Nordeste,23,Ceará,2307,Sul Cearense,23032,Cariri,06,RM Cariri,2307304,JUAZEIRO DO NORTE,230730405,JUAZEIRO DO NORTE,23073040500,JUAZEIRO DO NORTE,2307304012,Timbaúba,1,0,601,2204,3.67,2.89,610.24,468612.43,670.49,474492.17,349.3,372189.49,596.98,488352.23,NA
230730405000102,2,Região Nordeste,23,Ceará,2307,Sul Cearense,23032,Cariri,06,RM Cariri,2307304,JUAZEIRO DO NORTE,230730405,JUAZEIRO DO NORTE,23073040500,JUAZEIRO DO NORTE,2307304012,Timbaúba,1,0,252,911,3.62,3.1,460.33,88719.47,493.63,78656.29,270.94,91731.49,422.24,79043.28,NA
230730405000103,2,Região Nordeste,23,Ceará,2307,Sul Cearense,23032,Cariri,06,RM Cariri,2307304,JUAZEIRO DO NORTE,230730405,JUAZEIRO DO NORTE,23073040500,JUAZEIRO DO NORTE,2307304012,Timbaúba,1,0,182,714,3.92,3.56,595.88,379729.68,626.88,380053,302.52,214710.04,512.96,256243.03,NA
230730405000104,2,Região Nordeste,23,Ceará,2307,Sul Cearense,23032,Cariri,06,RM Cariri,2307304,JUAZEIRO DO NORTE,230730405,JUAZEIRO DO NORTE,23073040500,JUAZEIRO DO NORTE,2307304012,Timbaúba,1,0,204,678,3.32,2.35,505.19,131621.66,554.08,117192.96,309.84,120669.32,503.49,98525.73,NA
230730405000105,2,Região Nordeste,23,Ceará,2307,Sul Cearense,23032,Cariri,06,RM Cariri,2307304,JUAZEIRO DO NORTE,230730405,JUAZEIRO DO NORTE,23073040500,JUAZEIRO DO NORTE,2307304012,Timbaúba,1,0,262,891,3.4,2.78,577.69,349717.2,666.76,344224.81,323.04,199548.42,566.58,212033.85,NA
230730405000106,2,Região Nordeste,23,Ceará,2307,Sul Cearense,23032,Cariri,06,RM Cariri,2307304,JUAZEIRO DO NORTE,230730405,JUAZEIRO DO NORTE,23073040500,JUAZEIRO DO NORTE,2307304012,Timbaúba,1,0,302,1110,3.68,3.46,584.71,181653.4,626.18,168523.31,318.52,138790.29,515.96,122921.69,NA
230730405000107,2,Região Nordeste,23,Ceará,2307,Sul Cearense,23032,Cariri,06,RM Cariri,2307304,JUAZEIRO DO NORTE,230730405,JUAZEIRO DO NORTE,23073040500,JUAZEIRO DO NORTE,2307304015,Limoeiro,1,0,312,1183,3.79,3.16,562.16,273603.14,602.73,268880.1,297.91,168088.21,472.86,184099.55,NA
230730405000108,2,Região Nordeste,23,Ceará,2307,Sul Cearense,23032,Cariri,06,RM Cariri,2307304,JUAZEIRO DO NORTE,230730405,JUAZEIRO DO NORTE,23073040500,JUAZEIRO DO NORTE,2307304015,Limoeiro,1,0,284,976,3.44,1.79,2021.88,7084332.47,2095.67,7188623.14,1042.9,3701426.63,1641.45,4845521.32,NA
230730405000109,2,Região Nordeste,23,Ceará,2307,Sul Cearense,23032,Cariri,06,RM Cariri,2307304,JUAZEIRO DO NORTE,230730405,JUAZEIRO DO NORTE,23073040500,JUAZEIRO DO NORTE,2307304015,Limoeiro,1,0,350,1173,3.35,2.03,2041.21,7692576.93,2132.6,7842554.28,1134.61,4915469.72,1689.99,6385159.85,NA
230730405000110,2,Região Nordeste,23,Ceará,2307,Sul Cearense,23032,Cariri,06,RM Cariri,2307304,JUAZEIRO DO NORTE,230730405,JUAZEIRO DO NORTE,23073040500,JUAZEIRO DO NORTE,2307304015,Limoeiro,1,0,198,758,3.83,3.43,610.79,403256.41,664.49,403025.8,316.92,216282.08,540.67,248090.63,NA
230730405000111,2,Região Nordeste,23,Ceará,2307,Sul Cearense,23032,Cariri,06,RM Cariri,2307304,JUAZEIRO DO NORTE,230730405,JUAZEIRO DO NORTE,23073040500,JUAZEIRO DO NORTE,2307304015,Limoeiro,1,0,246,874,3.55,2.97,663.28,268224.46,721.97,249500.59,411.72,243776.09,628.81,235789.44,NA
230730405000112,2,Região Nordeste,23,Ceará,2307,Sul Cearense,23032,Cariri,06,RM Cariri,2307304,JUAZEIRO DO NORTE,230730405,JUAZEIRO DO NORTE,23073040500,JUAZEIRO DO NORTE,2307304015,Limoeiro,1,0,164,568,3.46,2.19,814.94,879360.12,879.28,892298.15,447.07,611040.8,773.06,805254.92,NA
230730405000113,2,Região Nordeste,23,Ceará,2307,Sul Cearense,23032,Cariri,06,RM Cariri,2307304,JUAZEIRO DO NORTE,230730405,JUAZEIRO DO NORTE,23073040500,JUAZEIRO DO NORTE,2307304015,Limoeiro,1,0,206,658,3.19,2.21,475.14,334398.78,623.43,346391.3,354.22,203438,568.4,204712.98,NA
230730405000114,2,Região Nordeste,23,Ceará,2307,Sul Cearense,23032,Cariri,06,RM Cariri,2307304,JUAZEIRO DO NORTE,230730405,JUAZEIRO DO NORTE,23073040500,JUAZEIRO DO NORTE,2307304015,Limoeiro,1,0,279,975,3.49,3.37,461.47,95170.12,525.51,74640.1,285.89,86503.99,453.21,61250.27,NA
230730405000115,2,Região Nordeste,23,Ceará,2307,Sul Cearense,23032,Cariri,06,RM Cariri,2307304,JUAZEIRO DO NORTE,230730405,JUAZEIRO DO NORTE,23073040500,JUAZEIRO DO NORTE,2307304015,Limoeiro,1,0,172,621,3.61,2.48,625.1,223489.45,667.81,210154.43,355.77,180145.19,590.69,160271.82,NA
230730405000116,2,Região Nordeste,23,Ceará,2307,Sul Cearense,23032,Cariri,06,RM Cariri,2307304,JUAZEIRO DO NORTE,230730405,JUAZEIRO DO NORTE,23073040500,JUAZEIRO DO NORTE,2307304015,Limoeiro,1,0,180,648,3.6,2.43,627.88,828976.76,729.15,889230.11,364.74,379745.9,608.27,485489.32,NA
230730405000117,2,Região Nordeste,23,Ceará,2307,Sul Cearense,23032,Cariri,06,RM Cariri,2307304,JUAZEIRO DO NORTE,230730405,JUAZEIRO DO NORTE,23073040500,JUAZEIRO DO NORTE,2307304016,Pirajá,1,0,182,644,3.54,2.54,729.98,668725.2,786.14,676065.46,404.35,485139.39,649.76,620521.28,NA
230730405000118,2,Região Nordeste,23,Ceará,2307,Sul Cearense,23032,Cariri,06,RM Cariri,2307304,JUAZEIRO DO NORTE,230730405,JUAZEIRO DO NORTE,23073040500,JUAZEIRO DO NORTE,2307304016,Pirajá,1,0,181,689,3.81,3.28,698.04,559068.55,765.73,561464.77,387.91,306124.54,611.46,345957.11,NA
230730405000119,2,Região Nordeste,23,Ceará,2307,Sul Cearense,23032,Cariri,06,RM Cariri,2307304,JUAZEIRO DO NORTE,230730405,JUAZEIRO DO NORTE,23073040500,JUAZEIRO DO NORTE,2307304016,Pirajá,1,0,284,1014,3.57,2.97,618.05,521459.12,759.86,533401.92,465.9,413061.85,680.87,457358.71,NA
230730405000120,2,Região Nordeste,23,Ceará,2307,Sul Cearense,23032,Cariri,06,RM Cariri,2307304,JUAZEIRO DO NORTE,230730405,JUAZEIRO DO NORTE,23073040500,JUAZEIRO DO NORTE,2307304016,Pirajá,1,0,208,724,3.48,2.68,682.81,332147.83,743.58,316438.48,375.18,216212.97,591.62,212887.38,NA
230730405000121,2,Região Nordeste,23,Ceará,2307,Sul Cearense,23032,Cariri,06,RM Cariri,2307304,JUAZEIRO DO NORTE,230730405,JUAZEIRO DO NORTE,23073040500,JUAZEIRO DO NORTE,2307304016,Pirajá,1,0,160,565,3.53,2.6,661.22,421516.15,750.32,411390.65,399.77,259650.59,636.48,262743.13,NA
230730405000122,2,Região Nordeste,23,Ceará,2307,Sul Cearense,23032,Cariri,06,RM Cariri,2307304,JUAZEIRO DO NORTE,230730405,JUAZEIRO DO NORTE,23073040500,JUAZEIRO DO NORTE,2307304016,Pirajá,1,0,206,739,3.59,3.25,486.74,270852.92,536.2,271860.39,296.87,173534.9,453.91,194100,NA
230730405000123,2,Região Nordeste,23,Ceará,2307,Sul Cearense,23032,Cariri,06,RM Cariri,2307304,JUAZEIRO DO NORTE,230730405,JUAZEIRO DO NORTE,23073040500,JUAZEIRO DO NORTE,2307304016,Pirajá,1,0,248,872,3.52,2.97,534.79,168453.61,605.61,147777.91,301.49,130111.55,500.66,116320.18,NA
230730405000124,2,Região Nordeste,23,Ceará,2307,Sul Cearense,23032,Cariri,06,RM Cariri,2307304,JUAZEIRO DO NORTE,230730405,JUAZEIRO DO NORTE,23073040500,JUAZEIRO DO NORTE,2307304016,Pirajá,1,0,176,634,3.6,3.74,534.95,127541.08,592.14,107181.31,304.3,118169.13,507.17,93985.6,NA
230730405000125,2,Região Nordeste,23,Ceará,2307,Sul Cearense,23032,Cariri,06,RM Cariri,2307304,JUAZEIRO DO NORTE,230730405,JUAZEIRO DO NORTE,23073040500,JUAZEIRO DO NORTE,2307304016,Pirajá,1,0,307,1022,3.33,3.09,684.91,2704745.86,756.35,2933680.01,390.15,1064881.89,623.38,1556981.05,NA
230730405000126,2,Região Nordeste,23,Ceará,2307,Sul Cearense,23032,Cariri,06,RM Cariri,2307304,JUAZEIRO DO NORTE,230730405,JUAZEIRO DO NORTE,23073040500,JUAZEIRO DO NORTE,2307304016,Pirajá,1,0,292,1076,3.68,4.01,664.85,376649.16,749.56,361084.15,347.32,221230,618.99,226123.41,NA
230730405000127,2,Região Nordeste,23,Ceará,2307,Sul Cearense,23032,Cariri,06,RM Cariri,2307304,JUAZEIRO DO NORTE,230730405,JUAZEIRO DO NORTE,23073040500,JUAZEIRO DO NORTE,2307304016,Pirajá,1,0,269,824,3.06,2.43,359.9,213202.81,601.33,211030.95,332.86,137395.82,566.65,101334.45,NA
230730405000128,2,Região Nordeste,23,Ceará,2307,Sul Cearense,23032,Cariri,06,RM Cariri,2307304,JUAZEIRO DO NORTE,230730405,JUAZEIRO DO NORTE,23073040500,JUAZEIRO DO NORTE,2307304016,Pirajá,1,0,266,919,3.45,3.28,649.58,219039.24,672.33,211385.89,368.06,203817.66,587.27,196455.37,NA
230730405000129,2,Região Nordeste,23,Ceará,2307,Sul Cearense,23032,Cariri,06,RM Cariri,2307304,JUAZEIRO DO NORTE,230730405,JUAZEIRO DO NORTE,23073040500,JUAZEIRO DO NORTE,2307304016,Pirajá,1,0,280,1027,3.67,3.28,691.98,1036409.26,748.09,1078632.7,393.36,573330.14,646.08,778775.11,NA
230730405000130,2,Região Nordeste,23,Ceará,2307,Sul Cearense,23032,Cariri,06,RM Cariri,2307304,JUAZEIRO DO NORTE,230730405,JUAZEIRO DO NORTE,23073040500,JUAZEIRO DO NORTE,2307304016,Pirajá,1,0,208,715,3.44,3.13,770.43,648532.31,801.25,649787.52,433.04,373152.48,663.29,418949.21,NA
230730405000131,2,Região Nordeste,23,Ceará,2307,Sul Cearense,23032,Cariri,06,RM Cariri,2307304,JUAZEIRO DO NORTE,230730405,JUAZEIRO DO NORTE,23073040500,JUAZEIRO DO NORTE,2307304016,Pirajá,1,0,244,847,3.47,3.14,606.98,440901.51,698.59,443460.28,391.44,563596.49,659.89,773437.95,NA
230730405000132,2,Região Nordeste,23,Ceará,2307,Sul Cearense,23032,Cariri,06,RM Cariri,2307304,JUAZEIRO DO NORTE,230730405,JUAZEIRO DO NORTE,23073040500,JUAZEIRO DO NORTE,2307304016,Pirajá,1,0,276,1010,3.66,3.08,512.47,341997.6,599.33,347930.15,306.08,189681.4,535,209116.18,NA
230730405000133,2,Região Nordeste,23,Ceará,2307,Sul Cearense,23032,Cariri,06,RM Cariri,2307304,JUAZEIRO DO NORTE,230730405,JUAZEIRO DO NORTE,23073040500,JUAZEIRO DO NORTE,2307304017,Romeirão,1,0,219,757,3.46,2.9,586.5,1944848.55,698.07,2238510.36,343.01,755612.67,602.81,1172435.85,NA
230730405000134,2,Região Nordeste,23,Ceará,2307,Sul Cearense,23032,Cariri,06,RM Cariri,2307304,JUAZEIRO DO NORTE,230730405,JUAZEIRO DO NORTE,23073040500,JUAZEIRO DO NORTE,2307304017,Romeirão,1,0,166,612,3.69,3.36,486.85,97534.81,542.4,78406.32,256.47,99815.19,478.68,79859.73,NA
230730405000135,2,Região Nordeste,23,Ceará,2307,Sul Cearense,23032,Cariri,06,RM Cariri,2307304,JUAZEIRO DO NORTE,230730405,JUAZEIRO DO NORTE,23073040500,JUAZEIRO DO NORTE,2307304017,Romeirão,1,0,227,773,3.41,2.38,521.89,148526.79,551.02,140729.65,328.58,135323.82,494.38,121607.18,NA
230730405000136,2,Região Nordeste,23,Ceará,2307,Sul Cearense,23032,Cariri,06,RM Cariri,2307304,JUAZEIRO DO NORTE,230730405,JUAZEIRO DO NORTE,23073040500,JUAZEIRO DO NORTE,2307304017,Romeirão,1,0,293,1121,3.83,4.23,422.24,108219.27,481.39,94853.77,253.67,93330.92,448.13,77702.79,NA
230730405000137,2,Região Nordeste,23,Ceará,2307,Sul Cearense,23032,Cariri,06,RM Cariri,2307304,JUAZEIRO DO NORTE,230730405,JUAZEIRO DO NORTE,23073040500,JUAZEIRO DO NORTE,2307304017,Romeirão,1,0,285,1043,3.66,2.67,665.62,381047.81,677.51,379794.85,359.25,225688.16,537.96,241846.14,NA
230730405000138,2,Região Nordeste,23,Ceará,2307,Sul Cearense,23032,Cariri,06,RM Cariri,2307304,JUAZEIRO DO NORTE,230730405,JUAZEIRO DO NORTE,23073040500,JUAZEIRO DO NORTE,2307304017,Romeirão,1,0,284,957,3.37,2.5,671.14,361511.43,713.88,353995.47,405.28,258796.58,626.13,261547.64,NA
230730405000139,2,Região Nordeste,23,Ceará,2307,Sul Cearense,23032,Cariri,06,RM Cariri,2307304,JUAZEIRO DO NORTE,230730405,JUAZEIRO DO NORTE,23073040500,JUAZEIRO DO NORTE,2307304017,Romeirão,1,0,262,978,3.73,3.54,639.02,230420.29,664.37,222686.26,357.93,281905.96,572,328148.76,NA
230730405000140,2,Região Nordeste,23,Ceará,2307,Sul Cearense,23032,Cariri,06,RM Cariri,2307304,JUAZEIRO DO NORTE,230730405,JUAZEIRO DO NORTE,23073040500,JUAZEIRO DO NORTE,2307304017,Romeirão,1,0,241,866,3.59,2.43,576.44,364670.52,643.15,363965.21,355.09,234349.04,585.42,251558.15,NA
230730405000141,2,Região Nordeste,23,Ceará,2307,Sul Cearense,23032,Cariri,06,RM Cariri,2307304,JUAZEIRO DO NORTE,230730405,JUAZEIRO DO NORTE,23073040500,JUAZEIRO DO NORTE,2307304018,João Cabral,1,0,276,1030,3.73,3.6,398.12,87681.19,446.67,76642.37,196.48,70427.2,367.77,68826.43,NA
230730405000142,2,Região Nordeste,23,Ceará,2307,Sul Cearense,23032,Cariri,06,RM Cariri,2307304,JUAZEIRO DO NORTE,230730405,JUAZEIRO DO NORTE,23073040500,JUAZEIRO DO NORTE,2307304018,João Cabral,1,0,224,870,3.88,4.18,326.75,78841.04,443.59,55060.69,186.5,91684.28,401.73,111087.88,NA
230730405000143,2,Região Nordeste,23,Ceará,2307,Sul Cearense,23032,Cariri,06,RM Cariri,2307304,JUAZEIRO DO NORTE,230730405,JUAZEIRO DO NORTE,23073040500,JUAZEIRO DO NORTE,2307304018,João Cabral,1,0,222,759,3.42,2.85,548.99,237507.27,572.19,234254.59,309.67,150263.05,470.82,152591.25,NA
230730405000144,2,Região Nordeste,23,Ceará,2307,Sul Cearense,23032,Cariri,06,RM Cariri,2307304,JUAZEIRO DO NORTE,230730405,JUAZEIRO DO NORTE,23073040500,JUAZEIRO DO NORTE,2307304018,João Cabral,1,0,202,744,3.68,2.98,269.54,328134.66,465.37,476662.91,229.11,158811.6,469.52,212758.48,NA
230730405000145,2,Região Nordeste,23,Ceará,2307,Sul Cearense,23032,Cariri,06,RM Cariri,2307304,JUAZEIRO DO NORTE,230730405,JUAZEIRO DO NORTE,23073040500,JUAZEIRO DO NORTE,2307304018,João Cabral,1,0,220,782,3.55,2.58,436.87,124941.76,503.2,110458.57,249.53,99230.35,453.63,87774.8,NA
230730405000146,2,Região Nordeste,23,Ceará,2307,Sul Cearense,23032,Cariri,06,RM Cariri,2307304,JUAZEIRO DO NORTE,230730405,JUAZEIRO DO NORTE,23073040500,JUAZEIRO DO NORTE,2307304018,João Cabral,1,0,290,1094,3.77,3.7,517.56,244867.29,568.53,239985.96,287.22,147757.48,453.77,157879.44,NA
230730405000147,2,Região Nordeste,23,Ceará,2307,Sul Cearense,23032,Cariri,06,RM Cariri,2307304,JUAZEIRO DO NORTE,230730405,JUAZEIRO DO NORTE,23073040500,JUAZEIRO DO NORTE,2307304018,João Cabral,1,0,266,981,3.69,2.83,423.77,101699.45,479.67,88243.38,269.33,87878.14,446.21,66620.35,NA
230730405000148,2,Região Nordeste,23,Ceará,2307,Sul Cearense,23032,Cariri,06,RM Cariri,2307304,JUAZEIRO DO NORTE,230730405,JUAZEIRO DO NORTE,23073040500,JUAZEIRO DO NORTE,2307304018,João Cabral,1,0,305,1240,4.07,3,573.06,379561.62,647.34,380679.94,288.18,205649.54,549.95,248577.85,NA
230730405000149,2,Região Nordeste,23,Ceará,2307,Sul Cearense,23032,Cariri,06,RM Cariri,2307304,JUAZEIRO DO NORTE,230730405,JUAZEIRO DO NORTE,23073040500,JUAZEIRO DO NORTE,2307304018,João Cabral,1,0,381,1363,3.58,2.81,484,146598.32,529.9,136149.17,267.45,115727.23,448.96,112773.25,NA
230730405000150,2,Região Nordeste,23,Ceará,2307,Sul Cearense,23032,Cariri,06,RM Cariri,2307304,JUAZEIRO DO NORTE,230730405,JUAZEIRO DO NORTE,23073040500,JUAZEIRO DO NORTE,2307304018,João Cabral,1,0,321,1238,3.86,3.92,435.54,190604.69,557,176047.83,232.61,133319.4,465.72,158413.2,NA
230730405000151,2,Região Nordeste,23,Ceará,2307,Sul Cearense,23032,Cariri,06,RM Cariri,2307304,JUAZEIRO DO NORTE,230730405,JUAZEIRO DO NORTE,23073040500,JUAZEIRO DO NORTE,2307304018,João Cabral,1,0,143,521,3.64,4.32,416.97,133305.52,492.79,120073.97,232.14,93497.83,414.32,91384.54,NA
230730405000152,2,Região Nordeste,23,Ceará,2307,Sul Cearense,23032,Cariri,06,RM Cariri,2307304,JUAZEIRO DO NORTE,230730405,JUAZEIRO DO NORTE,23073040500,JUAZEIRO DO NORTE,2307304018,João Cabral,1,0,308,1155,3.75,4.1,456.8,71405.62,491.94,59570.87,252.49,76860.3,416.3,58498.38,NA
230730405000153,2,Região Nordeste,23,Ceará,2307,Sul Cearense,23032,Cariri,06,RM Cariri,2307304,JUAZEIRO DO NORTE,230730405,JUAZEIRO DO NORTE,23073040500,JUAZEIRO DO NORTE,2307304028,Lagoa Seca,1,0,164,607,3.7,3.35,638.7,460015.03,684.62,461661.18,358.28,258911.18,553.5,292037.68,NA
230730405000154,2,Região Nordeste,23,Ceará,2307,Sul Cearense,23032,Cariri,06,RM Cariri,2307304,JUAZEIRO DO NORTE,230730405,JUAZEIRO DO NORTE,23073040500,JUAZEIRO DO NORTE,2307304028,Lagoa Seca,1,0,538,1934,3.59,2.93,4485.96,78153231.14,4788.58,81983933.4,2208.7,32963301,3378.85,46485549.64,NA
230730405000155,2,Região Nordeste,23,Ceará,2307,Sul Cearense,23032,Cariri,06,RM Cariri,2307304,JUAZEIRO DO NORTE,230730405,JUAZEIRO DO NORTE,23073040500,JUAZEIRO DO NORTE,2307304028,Lagoa Seca,1,0,395,1320,3.34,2.69,1377.95,4926312.14,1483.08,5146846.9,729.44,2457781.14,1166.89,3422675.33,NA
230730405000156,2,Região Nordeste,23,Ceará,2307,Sul Cearense,23032,Cariri,06,RM Cariri,2307304,JUAZEIRO DO NORTE,230730405,JUAZEIRO DO NORTE,23073040500,JUAZEIRO DO NORTE,2307304028,Lagoa Seca,1,0,159,568,3.57,2.31,5452.86,27636655.08,5818.83,27360128.37,2841.51,17604679.31,4199.47,20322772.37,NA
230730405000157,2,Região Nordeste,23,Ceará,2307,Sul Cearense,23032,Cariri,06,RM Cariri,2307304,JUAZEIRO DO NORTE,230730405,JUAZEIRO DO NORTE,23073040500,JUAZEIRO DO NORTE,2307304029,Jardim Gonzaga,1,0,972,3611,3.72,3.52,707.01,1611243.39,787.19,1730985.24,396.21,775393.65,664.34,1122194.39,NA
230730405000158,2,Região Nordeste,23,Ceará,2307,Sul Cearense,23032,Cariri,06,RM Cariri,2307304,JUAZEIRO DO NORTE,230730405,JUAZEIRO DO NORTE,23073040500,JUAZEIRO DO NORTE,2307304029,Jardim Gonzaga,1,0,534,1977,3.7,2.48,2789.26,60006567.56,3135.71,66387063.03,1859.5,82775083.23,3017.51,130877329.28,NA
230730405000159,2,Região Nordeste,23,Ceará,2307,Sul Cearense,23032,Cariri,06,RM Cariri,2307304,JUAZEIRO DO NORTE,230730405,JUAZEIRO DO NORTE,23073040500,JUAZEIRO DO NORTE,2307304030,São José,1,0,192,756,3.94,3.65,647.94,742736.22,782.42,791981.43,357.73,376958.54,626.02,492054.24,NA
230730405000160,2,Região Nordeste,23,Ceará,2307,Sul Cearense,23032,Cariri,06,RM Cariri,2307304,JUAZEIRO DO NORTE,230730405,JUAZEIRO DO NORTE,23073040500,JUAZEIRO DO NORTE,2307304035,Frei Damião,1,0,295,1198,4.06,4.93,362.17,86784.77,470.67,61607.5,180.83,67623.89,403.39,61059.29,NA
230730405000161,2,Região Nordeste,23,Ceará,2307,Sul Cearense,23032,Cariri,06,RM Cariri,2307304,JUAZEIRO DO NORTE,230730405,JUAZEIRO DO NORTE,23073040500,JUAZEIRO DO NORTE,2307304035,Frei Damião,1,0,291,1102,3.79,3.89,331.47,65407.18,415.77,46913.49,206.76,58973.17,372.42,44497.05,NA
230730405000162,2,Região Nordeste,23,Ceará,2307,Sul Cearense,23032,Cariri,06,RM Cariri,2307304,JUAZEIRO DO NORTE,230730405,JUAZEIRO DO NORTE,23073040500,JUAZEIRO DO NORTE,2307304035,Frei Damião,1,0,202,788,3.9,3.5,343.38,76670.99,436.24,56770.4,199.44,64985.27,383.94,54229.81,NA
230730405000163,2,Região Nordeste,23,Ceará,2307,Sul Cearense,23032,Cariri,06,RM Cariri,2307304,JUAZEIRO DO NORTE,230730405,JUAZEIRO DO NORTE,23073040500,JUAZEIRO DO NORTE,2307304035,Frei Damião,1,0,303,1127,3.72,3.36,444.44,87302.6,496.92,71474.36,243.63,90302.57,447.94,74479.6,NA
230730405000164,2,Região Nordeste,23,Ceará,2307,Sul Cearense,23032,Cariri,06,RM Cariri,2307304,JUAZEIRO DO NORTE,230730405,JUAZEIRO DO NORTE,23073040500,JUAZEIRO DO NORTE,2307304035,Frei Damião,1,0,262,972,3.71,2.81,431.54,70609.1,459.61,62267.43,251.06,78316,391.57,67104.38,NA
230730405000165,2,Região Nordeste,23,Ceará,2307,Sul Cearense,23032,Cariri,06,RM Cariri,2307304,JUAZEIRO DO NORTE,230730405,JUAZEIRO DO NORTE,23073040500,JUAZEIRO DO NORTE,2307304035,Frei Damião,1,0,217,814,3.75,3.6,458.93,53210.64,485.79,43226.45,244.29,74583.09,433.83,50154.89,NA
230730405000166,2,Região Nordeste,23,Ceará,2307,Sul Cearense,23032,Cariri,06,RM Cariri,2307304,JUAZEIRO DO NORTE,230730405,JUAZEIRO DO NORTE,23073040500,JUAZEIRO DO NORTE,2307304035,Frei Damião,1,0,873,3217,3.68,3.29,751.8,850535.13,844.69,877194.28,404.48,467145.25,682.11,598503.29,NA
230730405000167,2,Região Nordeste,23,Ceará,2307,Sul Cearense,23032,Cariri,06,RM Cariri,2307304,JUAZEIRO DO NORTE,230730405,JUAZEIRO DO NORTE,23073040500,JUAZEIRO DO NORTE,2307304029,Jardim Gonzaga,1,0,132,550,4.17,4.63,345.36,158746,500.96,152248.78,195.99,96511.06,447.38,107896.78,NA
230730405000168,2,Região Nordeste,23,Ceará,2307,Sul Cearense,23032,Cariri,06,RM Cariri,2307304,JUAZEIRO DO NORTE,230730405,JUAZEIRO DO NORTE,23073040500,JUAZEIRO DO NORTE,2307304030,São José,1,0,210,730,3.48,2.58,1498.3,9086440.04,1605.32,9566115,816.21,4188884.03,1219.14,5769576.89,NA
230730405000169,2,Região Nordeste,23,Ceará,2307,Sul Cearense,23032,Cariri,06,RM Cariri,2307304,JUAZEIRO DO NORTE,230730405,JUAZEIRO DO NORTE,23073040500,JUAZEIRO DO NORTE,2307304020,Antônio Vieira,1,0,306,1111,3.63,2.31,725.34,386265.71,762.73,377629.25,383.07,253001.44,664.95,251732.63,NA
230730405000170,2,Região Nordeste,23,Ceará,2307,Sul Cearense,23032,Cariri,06,RM Cariri,2307304,JUAZEIRO DO NORTE,230730405,JUAZEIRO DO NORTE,23073040500,JUAZEIRO DO NORTE,2307304030,São José,1,0,223,819,3.67,2.98,439,203550.15,517.97,199239.46,343.79,176569.55,525.15,174470.17,NA
230730405000171,2,Região Nordeste,23,Ceará,2307,Sul Cearense,23032,Cariri,06,RM Cariri,2307304,JUAZEIRO DO NORTE,230730405,JUAZEIRO DO NORTE,23073040500,JUAZEIRO DO NORTE,2307304030,São José,1,0,237,857,3.62,2.63,1078.12,3079894.46,1125.62,3162475.96,540.15,1606824.64,936.52,2416665.3,NA
230730405000172,2,Região Nordeste,23,Ceará,2307,Sul Cearense,23032,Cariri,06,RM Cariri,2307304,JUAZEIRO DO NORTE,230730405,JUAZEIRO DO NORTE,23073040500,JUAZEIRO DO NORTE,2307304030,São José,1,0,325,1261,3.88,2.95,1137.93,4776724.21,1204.65,4977071.99,582.38,1927851.5,924.25,2744772.73,NA
230730405000173,2,Região Nordeste,23,Ceará,2307,Sul Cearense,23032,Cariri,06,RM Cariri,2307304,JUAZEIRO DO NORTE,230730405,JUAZEIRO DO NORTE,23073040500,JUAZEIRO DO NORTE,2307304024,Salgadinho,1,0,40,172,4.3,3.19,1027.2,2253571.04,1173.94,2407644.11,502.07,1041314.98,996.97,1582078.58,NA
230730405000174,2,Região Nordeste,23,Ceará,2307,Sul Cearense,23032,Cariri,06,RM Cariri,2307304,JUAZEIRO DO NORTE,230730405,JUAZEIRO DO NORTE,23073040500,JUAZEIRO DO NORTE,2307304024,Salgadinho,1,0,155,542,3.5,2.89,1276.35,4590593.13,1364.38,4788451.53,698.7,2287795.93,1095.69,3155516.43,NA
230730405000175,2,Região Nordeste,23,Ceará,2307,Sul Cearense,23032,Cariri,06,RM Cariri,2307304,JUAZEIRO DO NORTE,230730405,JUAZEIRO DO NORTE,23073040500,JUAZEIRO DO NORTE,2307304002,Juvêncio Santana,1,0,183,670,3.66,2.49,437.83,428747.3,656.75,499932.7,367.88,320615.63,628.31,384120.12,NA
230730405000176,2,Região Nordeste,23,Ceará,2307,Sul Cearense,23032,Cariri,06,RM Cariri,2307304,JUAZEIRO DO NORTE,230730405,JUAZEIRO DO NORTE,23073040500,JUAZEIRO DO NORTE,2307304002,Juvêncio Santana,1,0,245,939,3.83,2.57,497.14,347614.89,665.57,353315.85,327.84,229032.72,595.72,256660.55,NA
230730405000177,2,Região Nordeste,23,Ceará,2307,Sul Cearense,23032,Cariri,06,RM Cariri,2307304,JUAZEIRO DO NORTE,230730405,JUAZEIRO DO NORTE,23073040500,JUAZEIRO DO NORTE,2307304002,Juvêncio Santana,1,0,232,852,3.67,2.71,646.97,440590.49,721.62,437544,366.85,301630.6,604.12,353500.05,NA
230730405000178,2,Região Nordeste,23,Ceará,2307,Sul Cearense,23032,Cariri,06,RM Cariri,2307304,JUAZEIRO DO NORTE,230730405,JUAZEIRO DO NORTE,23073040500,JUAZEIRO DO NORTE,2307304002,Juvêncio Santana,1,0,300,1052,3.51,3.12,888.66,3964979.03,922.49,4085108.11,481.8,1532125.31,755.59,2197034.47,NA
230730405000179,2,Região Nordeste,23,Ceará,2307,Sul Cearense,23032,Cariri,06,RM Cariri,2307304,JUAZEIRO DO NORTE,230730405,JUAZEIRO DO NORTE,23073040500,JUAZEIRO DO NORTE,2307304004,Carité,1,0,263,938,3.57,3.22,491.16,245316.49,540.48,243285.37,276.56,153542.53,433.43,172681.86,NA
230730405000180,2,Região Nordeste,23,Ceará,2307,Sul Cearense,23032,Cariri,06,RM Cariri,2307304,JUAZEIRO DO NORTE,230730405,JUAZEIRO DO NORTE,23073040500,JUAZEIRO DO NORTE,2307304007,Aeroporto,1,0,170,734,4.32,3.73,2829.79,18162193.25,2915.55,18464382.27,1114.85,8329147.81,2125.19,13747211.74,NA
230730405000181,2,Região Nordeste,23,Ceará,2307,Sul Cearense,23032,Cariri,06,RM Cariri,2307304,JUAZEIRO DO NORTE,230730405,JUAZEIRO DO NORTE,23073040500,JUAZEIRO DO NORTE,2307304011,Leandro Bezerra de Menezes,1,0,175,603,3.45,2.37,465.31,296744.71,542.87,304150.94,324.55,192200.72,499.86,208443.1,NA
230730405000182,2,Região Nordeste,23,Ceará,2307,Sul Cearense,23032,Cariri,06,RM Cariri,2307304,JUAZEIRO DO NORTE,230730405,JUAZEIRO DO NORTE,23073040500,JUAZEIRO DO NORTE,2307304011,Leandro Bezerra de Menezes,1,0,280,1108,3.96,3.12,910.93,1243413.69,969.81,1266771.57,460.17,716566.29,840.74,989770.04,NA
230730405000183,2,Região Nordeste,23,Ceará,2307,Sul Cearense,23032,Cariri,06,RM Cariri,2307304,JUAZEIRO DO NORTE,230730405,JUAZEIRO DO NORTE,23073040500,JUAZEIRO DO NORTE,2307304011,Leandro Bezerra de Menezes,1,0,271,1058,3.9,3.11,732.39,343516.19,784.5,327013.11,389.99,278520.79,671.86,290469.39,NA
230730405000184,2,Região Nordeste,23,Ceará,2307,Sul Cearense,23032,Cariri,06,RM Cariri,2307304,JUAZEIRO DO NORTE,230730405,JUAZEIRO DO NORTE,23073040500,JUAZEIRO DO NORTE,2307304011,Leandro Bezerra de Menezes,1,0,98,351,3.58,2.25,830.01,595038.71,874.63,587923.67,481.74,450986.9,766.86,499503.68,NA
230730405000185,2,Região Nordeste,23,Ceará,2307,Sul Cearense,23032,Cariri,06,RM Cariri,2307304,JUAZEIRO DO NORTE,230730405,JUAZEIRO DO NORTE,23073040500,JUAZEIRO DO NORTE,2307304011,Leandro Bezerra de Menezes,1,0,6,25,4.17,2.57,605,62830,605,62830,257.81,89978.76,451.17,68430.88,NA
230730405000186,2,Região Nordeste,23,Ceará,2307,Sul Cearense,23032,Cariri,06,RM Cariri,2307304,JUAZEIRO DO NORTE,230730405,JUAZEIRO DO NORTE,23073040500,JUAZEIRO DO NORTE,2307304033,Campo Alegre,1,0,166,634,3.82,3.82,388.49,94958.4,457.38,80185.29,301.9,146004.34,481.87,146320.95,NA
230730405000187,2,Região Nordeste,23,Ceará,2307,Sul Cearense,23032,Cariri,06,RM Cariri,2307304,JUAZEIRO DO NORTE,230730405,JUAZEIRO DO NORTE,23073040500,JUAZEIRO DO NORTE,2307304032,Tiradentes,1,0,172,646,3.76,3.12,696.88,837136.49,844.11,890093.5,412.02,508789.43,711.67,666075.24,NA
230730405000188,2,Região Nordeste,23,Ceará,2307,Sul Cearense,23032,Cariri,06,RM Cariri,2307304,JUAZEIRO DO NORTE,230730405,JUAZEIRO DO NORTE,23073040500,JUAZEIRO DO NORTE,2307304032,Tiradentes,1,0,266,1016,3.82,3.22,793.7,527723.46,847.88,517767.64,399.38,337544.72,670.36,385008.21,NA
230730405000189,2,Região Nordeste,23,Ceará,2307,Sul Cearense,23032,Cariri,06,RM Cariri,2307304,JUAZEIRO DO NORTE,230730405,JUAZEIRO DO NORTE,23073040500,JUAZEIRO DO NORTE,2307304032,Tiradentes,1,0,210,734,3.5,2.55,803.18,853919.48,851.85,864258.42,502.06,714116.88,784.55,894736.8,NA
230730405000190,2,Região Nordeste,23,Ceará,2307,Sul Cearense,23032,Cariri,06,RM Cariri,2307304,JUAZEIRO DO NORTE,230730405,JUAZEIRO DO NORTE,23073040500,JUAZEIRO DO NORTE,2307304032,Tiradentes,1,0,255,944,3.7,2.5,887.89,949997.52,947.33,957316.15,500.16,615506.7,767.18,739500.04,NA
230730405000191,2,Região Nordeste,23,Ceará,2307,Sul Cearense,23032,Cariri,06,RM Cariri,2307304,JUAZEIRO DO NORTE,230730405,JUAZEIRO DO NORTE,23073040500,JUAZEIRO DO NORTE,2307304016,Pirajá,1,0,293,1043,3.56,2.82,847.58,961822.09,906.36,975296.66,422.19,485243.37,709.41,611848.02,NA
230730405000192,2,Região Nordeste,23,Ceará,2307,Sul Cearense,23032,Cariri,06,RM Cariri,2307304,JUAZEIRO DO NORTE,230730405,JUAZEIRO DO NORTE,23073040500,JUAZEIRO DO NORTE,2307304031,José Geraldo da Cruz,1,0,800,3064,3.83,3.19,788.7,985612.4,879.99,1019411.16,421.22,557370.53,710.45,734723.43,NA
230730405000193,2,Região Nordeste,23,Ceará,2307,Sul Cearense,23032,Cariri,06,RM Cariri,2307304,JUAZEIRO DO NORTE,230730405,JUAZEIRO DO NORTE,23073040500,JUAZEIRO DO NORTE,2307304025,Horto,1,1,342,1358,3.97,4.63,363.42,61196.61,436.1,41670.47,198.1,60625.62,382.45,46512.94,NA
230730405000194,2,Região Nordeste,23,Ceará,2307,Sul Cearense,23032,Cariri,06,RM Cariri,2307304,JUAZEIRO DO NORTE,230730405,JUAZEIRO DO NORTE,23073040500,JUAZEIRO DO NORTE,2307304025,Horto,1,1,164,673,4.1,5.96,316.96,101234.65,472.56,77181.99,149.79,62533.06,409,64743.65,NA
230730405000195,2,Região Nordeste,23,Ceará,2307,Sul Cearense,23032,Cariri,06,RM Cariri,2307304,JUAZEIRO DO NORTE,230730405,JUAZEIRO DO NORTE,23073040500,JUAZEIRO DO NORTE,2307304025,Horto,1,1,118,463,3.92,4.62,527.21,201127.48,592.49,187222.73,284.4,135297.38,528.37,122390.21,NA
230730405000196,2,Região Nordeste,23,Ceará,2307,Sul Cearense,23032,Cariri,06,RM Cariri,2307304,JUAZEIRO DO NORTE,230730405,JUAZEIRO DO NORTE,23073040500,JUAZEIRO DO NORTE,2307304025,Horto,1,1,505,1807,3.58,3.78,404.26,120325.27,465.04,110128.13,253.03,102281.65,419.4,99753.1,NA
230730405000197,2,Região Nordeste,23,Ceará,2307,Sul Cearense,23032,Cariri,06,RM Cariri,2307304,JUAZEIRO DO NORTE,230730405,JUAZEIRO DO NORTE,23073040500,JUAZEIRO DO NORTE,2307304025,Horto,1,0,177,692,3.91,4.75,271.51,183219.48,500.6,223547.57,167.75,95295.56,440.44,130262.3,NA
230730405000198,2,Região Nordeste,23,Ceará,2307,Sul Cearense,23032,Cariri,06,RM Cariri,2307304,JUAZEIRO DO NORTE,230730405,JUAZEIRO DO NORTE,23073040500,JUAZEIRO DO NORTE,2307304026,Três-Marias,1,0,221,842,3.81,3.94,434.77,217536.92,471,218605.19,283.75,358281.68,455.88,497485.87,NA
230730405000199,2,Região Nordeste,23,Ceará,2307,Sul Cearense,23032,Cariri,06,RM Cariri,2307304,JUAZEIRO DO NORTE,230730405,JUAZEIRO DO NORTE,23073040500,JUAZEIRO DO NORTE,2307304006,Pedrinhas,1,0,402,1431,3.56,3.13,435.24,268505.93,519.19,276734.55,276,259911.31,486.75,355946.37,NA
230730405000200,2,Região Nordeste,23,Ceará,2307,Sul Cearense,23032,Cariri,06,RM Cariri,2307304,JUAZEIRO DO NORTE,230730405,JUAZEIRO DO NORTE,23073040500,JUAZEIRO DO NORTE,2307304006,Pedrinhas,1,0,270,989,3.66,3.93,346.1,47460.32,419.05,26802.71,194.36,53145.02,366.14,37181.49,NA
230730405000201,2,Região Nordeste,23,Ceará,2307,Sul Cearense,23032,Cariri,06,RM Cariri,2307304,JUAZEIRO DO NORTE,230730405,JUAZEIRO DO NORTE,23073040500,JUAZEIRO DO NORTE,2307304006,Pedrinhas,1,0,373,1284,3.44,2.23,580.73,252771.56,611.9,247250.67,327.8,182719.86,502.88,192281.52,NA
230730405000202,2,Região Nordeste,23,Ceará,2307,Sul Cearense,23032,Cariri,06,RM Cariri,2307304,JUAZEIRO DO NORTE,230730405,JUAZEIRO DO NORTE,23073040500,JUAZEIRO DO NORTE,2307304006,Pedrinhas,1,0,298,1058,3.55,3.1,453.15,122710.64,517.39,106807.9,260.61,97365.14,445.31,84097.07,NA
230730405000203,2,Região Nordeste,23,Ceará,2307,Sul Cearense,23032,Cariri,06,RM Cariri,2307304,JUAZEIRO DO NORTE,230730405,JUAZEIRO DO NORTE,23073040500,JUAZEIRO DO NORTE,2307304006,Pedrinhas,1,0,45,166,3.69,1.9,640.07,524255.56,685.79,530497.54,379.86,283888.27,599.54,316753.42,NA
230730405000204,2,Região Nordeste,23,Ceará,2307,Sul Cearense,23032,Cariri,06,RM Cariri,2307304,JUAZEIRO DO NORTE,230730405,JUAZEIRO DO NORTE,23073040500,JUAZEIRO DO NORTE,2307304006,Pedrinhas,1,0,160,587,3.67,3.04,469.85,135760.29,536.97,118992.56,284.75,124253.44,497.8,111114.87,NA
230730405000205,2,Região Nordeste,23,Ceará,2307,Sul Cearense,23032,Cariri,06,RM Cariri,2307304,JUAZEIRO DO NORTE,230730405,JUAZEIRO DO NORTE,23073040500,JUAZEIRO DO NORTE,2307304006,Pedrinhas,1,0,54,200,3.7,2.74,442.13,90267.17,459.13,85846.39,229.99,84244.78,385.88,81157.39,NA
230730405000206,2,Região Nordeste,23,Ceará,2307,Sul Cearense,23032,Cariri,06,RM Cariri,2307304,JUAZEIRO DO NORTE,230730405,JUAZEIRO DO NORTE,23073040500,JUAZEIRO DO NORTE,2307304008,Brejo Seco,1,0,209,864,4.13,4.9,699.53,1161057.84,777.66,1230353.43,362.16,650145.05,631.96,964782.22,NA
230730405000207,2,Região Nordeste,23,Ceará,2307,Sul Cearense,23032,Cariri,06,RM Cariri,2307304,JUAZEIRO DO NORTE,230730405,JUAZEIRO DO NORTE,23073040500,JUAZEIRO DO NORTE,2307304009,Betolândia,1,0,512,1989,3.88,3.68,921.88,1510694.53,965.24,1539956.23,523.02,870400.17,789.43,1103666.99,NA
230730405000208,2,Região Nordeste,23,Ceará,2307,Sul Cearense,23032,Cariri,06,RM Cariri,2307304,JUAZEIRO DO NORTE,230730405,JUAZEIRO DO NORTE,23073040500,JUAZEIRO DO NORTE,2307304027,Planalto,1,0,56,170,3.04,2.54,7316.61,41268779.19,7587.59,40731169.57,3494.89,29900693.74,5298.71,35839267.88,NA
230730405000209,2,Região Nordeste,23,Ceará,2307,Sul Cearense,23032,Cariri,06,RM Cariri,2307304,JUAZEIRO DO NORTE,230730405,JUAZEIRO DO NORTE,23073040500,JUAZEIRO DO NORTE,2307304000,JUAZEIRO DO NORTE (demais setores),8,0,218,816,3.74,3.49,384.8,104568.65,493.45,80338.91,219.56,101939.04,406.12,112820.93,NA
230730405000210,2,Região Nordeste,23,Ceará,2307,Sul Cearense,23032,Cariri,06,RM Cariri,2307304,JUAZEIRO DO NORTE,230730405,JUAZEIRO DO NORTE,23073040500,JUAZEIRO DO NORTE,2307304000,JUAZEIRO DO NORTE (demais setores),8,0,175,712,4.07,5.1,514.14,2242761.61,565.87,2440414.74,304.03,791551.15,536.26,1273042.36,NA
230730405000211,2,Região Nordeste,23,Ceará,2307,Sul Cearense,23032,Cariri,06,RM Cariri,2307304,JUAZEIRO DO NORTE,230730405,JUAZEIRO DO NORTE,23073040500,JUAZEIRO DO NORTE,2307304000,JUAZEIRO DO NORTE (demais setores),8,0,83,305,3.67,4.34,674.7,7435626.73,918.03,9934911.47,372.8,2705610.5,745.6,5152839.15,NA
230730405000212,2,Região Nordeste,23,Ceará,2307,Sul Cearense,23032,Cariri,06,RM Cariri,2307304,JUAZEIRO DO NORTE,230730405,JUAZEIRO DO NORTE,23073040500,JUAZEIRO DO NORTE,2307304000,JUAZEIRO DO NORTE (demais setores),8,0,211,776,3.68,2.85,381.03,89401.01,451.67,73982.82,232.84,94645.69,420.76,91954.75,NA
230730405000213,2,Região Nordeste,23,Ceará,2307,Sul Cearense,23032,Cariri,06,RM Cariri,2307304,JUAZEIRO DO NORTE,230730405,JUAZEIRO DO NORTE,23073040500,JUAZEIRO DO NORTE,2307304033,Campo Alegre,1,0,259,1046,4.04,4.34,417.8,148749.34,470.48,142693.56,154.71,82904.24,387.98,117483.5,NA
230730405000214,2,Região Nordeste,23,Ceará,2307,Sul Cearense,23032,Cariri,06,RM Cariri,2307304,JUAZEIRO DO NORTE,230730405,JUAZEIRO DO NORTE,23073040500,JUAZEIRO DO NORTE,2307304000,JUAZEIRO DO NORTE (demais setores),8,0,16,63,3.94,5.26,360.31,57694.9,443.46,32172.44,211.84,61216.64,416.38,34226.6,NA
230730405000215,2,Região Nordeste,23,Ceará,2307,Sul Cearense,23032,Cariri,06,RM Cariri,2307304,JUAZEIRO DO NORTE,230730405,JUAZEIRO DO NORTE,23073040500,JUAZEIRO DO NORTE,2307304000,JUAZEIRO DO NORTE (demais setores),8,0,300,1159,3.86,3.97,524.05,588440.1,557.5,607419.28,288.85,296504,452.67,390667.58,NA
230730405000216,2,Região Nordeste,23,Ceará,2307,Sul Cearense,23032,Cariri,06,RM Cariri,2307304,JUAZEIRO DO NORTE,230730405,JUAZEIRO DO NORTE,23073040500,JUAZEIRO DO NORTE,2307304000,JUAZEIRO DO NORTE (demais setores),5,0,78,279,3.58,5.08,347.5,57934.31,410.68,42283.05,214.51,61899.92,377.47,47300.34,NA
230730405000217,2,Região Nordeste,23,Ceará,2307,Sul Cearense,23032,Cariri,06,RM Cariri,2307304,JUAZEIRO DO NORTE,230730405,JUAZEIRO DO NORTE,23073040500,JUAZEIRO DO NORTE,2307304014,Franciscanos,1,0,88,304,3.45,3.72,973.45,1247738.25,1032.1,1262557.72,581.77,994278.75,997.32,1291887.56,NA
230730405000218,2,Região Nordeste,23,Ceará,2307,Sul Cearense,23032,Cariri,06,RM Cariri,2307304,JUAZEIRO DO NORTE,230730405,JUAZEIRO DO NORTE,23073040500,JUAZEIRO DO NORTE,2307304022,Salesianos,1,0,116,389,3.35,2.89,693.6,396892.76,744.98,387933.59,428.41,285048.79,660.23,286245.35,NA
230730405000219,2,Região Nordeste,23,Ceará,2307,Sul Cearense,23032,Cariri,06,RM Cariri,2307304,JUAZEIRO DO NORTE,230730405,JUAZEIRO DO NORTE,23073040500,JUAZEIRO DO NORTE,2307304036,Santo Antonio,1,0,204,752,3.69,2.67,2034.79,4920551.49,2150.77,4951728.69,1005.84,2812812.66,1555.12,3496230.78,NA
230730405000220,2,Região Nordeste,23,Ceará,2307,Sul Cearense,23032,Cariri,06,RM Cariri,2307304,JUAZEIRO DO NORTE,230730405,JUAZEIRO DO NORTE,23073040500,JUAZEIRO DO NORTE,2307304036,Santo Antonio,1,0,223,794,3.56,2.02,981.87,714668.81,1068.09,685192.99,516.71,516681.54,898.39,555543.41,NA
230730405000221,2,Região Nordeste,23,Ceará,2307,Sul Cearense,23032,Cariri,06,RM Cariri,2307304,JUAZEIRO DO NORTE,230730405,JUAZEIRO DO NORTE,23073040500,JUAZEIRO DO NORTE,2307304036,Santo Antonio,1,0,253,886,3.5,2.42,814.68,1820080.05,892.27,1924643.17,417.85,755341.22,716.86,1082240.08,NA
230730405000222,2,Região Nordeste,23,Ceará,2307,Sul Cearense,23032,Cariri,06,RM Cariri,2307304,JUAZEIRO DO NORTE,230730405,JUAZEIRO DO NORTE,23073040500,JUAZEIRO DO NORTE,2307304036,Santo Antonio,1,0,251,887,3.53,2.17,778.84,936948.82,811.16,949664.64,445.35,488257.34,666.68,583543.91,NA
230730405000223,2,Região Nordeste,23,Ceará,2307,Sul Cearense,23032,Cariri,06,RM Cariri,2307304,JUAZEIRO DO NORTE,230730405,JUAZEIRO DO NORTE,23073040500,JUAZEIRO DO NORTE,2307304022,Salesianos,1,0,232,828,3.57,2.86,709.58,419015.28,769.26,408296.79,391.75,261663.9,613.45,273771.55,NA
230730405000224,2,Região Nordeste,23,Ceará,2307,Sul Cearense,23032,Cariri,06,RM Cariri,2307304,JUAZEIRO DO NORTE,230730405,JUAZEIRO DO NORTE,23073040500,JUAZEIRO DO NORTE,2307304002,Juvêncio Santana,1,0,1,1,1,0,880,0,880,0,880,0,880,0,NA
230730405000225,2,Região Nordeste,23,Ceará,2307,Sul Cearense,23032,Cariri,06,RM Cariri,2307304,JUAZEIRO DO NORTE,230730405,JUAZEIRO DO NORTE,23073040500,JUAZEIRO DO NORTE,2307304011,Leandro Bezerra de Menezes,1,0,30,94,3.13,1.09,1068,473582.07,1186.67,381992.31,803.08,670006.6,1121.28,576930.32,NA
230730405000226,2,Região Nordeste,23,Ceará,2307,Sul Cearense,23032,Cariri,06,RM Cariri,2307304,JUAZEIRO DO NORTE,230730405,JUAZEIRO DO NORTE,23073040500,JUAZEIRO DO NORTE,2307304014,Franciscanos,1,0,39,140,3.59,4.2,538.08,181478.44,655.78,142779.21,365.87,167532.83,576.25,142319.3,NA
230730405000227,2,Região Nordeste,23,Ceará,2307,Sul Cearense,23032,Cariri,06,RM Cariri,2307304,JUAZEIRO DO NORTE,230730405,JUAZEIRO DO NORTE,23073040500,JUAZEIRO DO NORTE,2307304014,Franciscanos,1,0,126,478,3.79,3.46,686.02,372904.81,758.24,357266.18,339.71,239072.93,641.33,257990.43,NA
230730405000228,2,Região Nordeste,23,Ceará,2307,Sul Cearense,23032,Cariri,06,RM Cariri,2307304,JUAZEIRO DO NORTE,230730405,JUAZEIRO DO NORTE,23073040500,JUAZEIRO DO NORTE,2307304019,Triângulo,1,0,247,909,3.68,3.29,590.31,540227.06,729.03,566177.45,401.35,552279.95,671.66,743123.99,NA
230730405000229,2,Região Nordeste,23,Ceará,2307,Sul Cearense,23032,Cariri,06,RM Cariri,2307304,JUAZEIRO DO NORTE,230730405,JUAZEIRO DO NORTE,23073040500,JUAZEIRO DO NORTE,2307304019,Triângulo,1,0,207,715,3.45,3.77,1326.27,6335204.24,1476.01,6832124.29,652.66,2968301.71,1165.75,4708930.47,NA
230730405000230,2,Região Nordeste,23,Ceará,2307,Sul Cearense,23032,Cariri,06,RM Cariri,2307304,JUAZEIRO DO NORTE,230730405,JUAZEIRO DO NORTE,23073040500,JUAZEIRO DO NORTE,2307304019,Triângulo,1,0,81,316,3.9,2.49,500.89,112697.95,540.96,99865.82,293.48,98706.97,482.7,70828.85,NA
230730405000231,2,Região Nordeste,23,Ceará,2307,Sul Cearense,23032,Cariri,06,RM Cariri,2307304,JUAZEIRO DO NORTE,230730405,JUAZEIRO DO NORTE,23073040500,JUAZEIRO DO NORTE,2307304019,Triângulo,1,0,197,709,3.6,2.85,465.6,124055.61,512.42,112473.79,265.37,100135.97,431.98,91006.28,NA
230730405000232,2,Região Nordeste,23,Ceará,2307,Sul Cearense,23032,Cariri,06,RM Cariri,2307304,JUAZEIRO DO NORTE,230730405,JUAZEIRO DO NORTE,23073040500,JUAZEIRO DO NORTE,2307304020,Antônio Vieira,1,0,310,1121,3.62,3,510.95,444116.89,646.5,474429.75,348.49,320517.77,612,401760.24,NA
230730405000233,2,Região Nordeste,23,Ceará,2307,Sul Cearense,23032,Cariri,06,RM Cariri,2307304,JUAZEIRO DO NORTE,230730405,JUAZEIRO DO NORTE,23073040500,JUAZEIRO DO NORTE,2307304020,Antônio Vieira,1,0,191,716,3.75,2.96,487.93,300053.83,625.46,298599.06,250.33,162311.87,541.14,193616.89,NA
230730405000234,2,Região Nordeste,23,Ceará,2307,Sul Cearense,23032,Cariri,06,RM Cariri,2307304,JUAZEIRO DO NORTE,230730405,JUAZEIRO DO NORTE,23073040500,JUAZEIRO DO NORTE,2307304020,Antônio Vieira,1,0,195,685,3.51,2.72,709.93,523123.45,777.74,520336.49,385.54,301519.23,653.6,336057.53,NA
230730405000235,2,Região Nordeste,23,Ceará,2307,Sul Cearense,23032,Cariri,06,RM Cariri,2307304,JUAZEIRO DO NORTE,230730405,JUAZEIRO DO NORTE,23073040500,JUAZEIRO DO NORTE,2307304020,Antônio Vieira,1,0,264,921,3.49,2.87,1860.59,6357323.44,1972.67,6519843.47,929.59,3074122.3,1438.06,4026211.25,NA
230730405000236,2,Região Nordeste,23,Ceará,2307,Sul Cearense,23032,Cariri,06,RM Cariri,2307304,JUAZEIRO DO NORTE,230730405,JUAZEIRO DO NORTE,23073040500,JUAZEIRO DO NORTE,2307304005,Fátima,1,0,141,542,3.84,3.46,637.25,330624.05,670.54,325535.9,387.47,284275.78,608.49,312040.53,NA
230730405000237,2,Região Nordeste,23,Ceará,2307,Sul Cearense,23032,Cariri,06,RM Cariri,2307304,JUAZEIRO DO NORTE,230730405,JUAZEIRO DO NORTE,23073040500,JUAZEIRO DO NORTE,2307304013,Pio XII,1,0,144,509,3.53,2.67,592.13,370905.28,666.14,367940.47,382.51,264353.43,594.25,284934.91,NA
230730405000238,2,Região Nordeste,23,Ceará,2307,Sul Cearense,23032,Cariri,06,RM Cariri,2307304,JUAZEIRO DO NORTE,230730405,JUAZEIRO DO NORTE,23073040500,JUAZEIRO DO NORTE,2307304013,Pio XII,1,0,255,898,3.52,2.23,463.59,205738.81,527.75,200328.71,292.12,145449.34,490.51,146922.6,NA
230730405000239,2,Região Nordeste,23,Ceará,2307,Sul Cearense,23032,Cariri,06,RM Cariri,2307304,JUAZEIRO DO NORTE,230730405,JUAZEIRO DO NORTE,23073040500,JUAZEIRO DO NORTE,2307304013,Pio XII,1,0,184,615,3.34,3.4,542.13,218587.25,586.78,210342.81,328.04,146279.65,511.17,134292.96,NA
230730405000240,2,Região Nordeste,23,Ceará,2307,Sul Cearense,23032,Cariri,06,RM Cariri,2307304,JUAZEIRO DO NORTE,230730405,JUAZEIRO DO NORTE,23073040500,JUAZEIRO DO NORTE,2307304012,Timbaúba,1,0,216,793,3.67,2.6,512.83,231376.84,576.93,223273.31,278.16,160214.82,497.44,177484.66,NA
230730405000241,2,Região Nordeste,23,Ceará,2307,Sul Cearense,23032,Cariri,06,RM Cariri,2307304,JUAZEIRO DO NORTE,230730405,JUAZEIRO DO NORTE,23073040500,JUAZEIRO DO NORTE,2307304012,Timbaúba,1,0,297,1067,3.59,2.74,569.92,159378.9,579.67,156440.98,357.91,432913.8,533.1,551628.46,NA
230730405000242,2,Região Nordeste,23,Ceará,2307,Sul Cearense,23032,Cariri,06,RM Cariri,2307304,JUAZEIRO DO NORTE,230730405,JUAZEIRO DO NORTE,23073040500,JUAZEIRO DO NORTE,2307304012,Timbaúba,1,0,225,816,3.63,3.89,513.99,220755.82,535.41,218476.99,287.42,159177.45,443.9,176416.87,NA
230730405000243,2,Região Nordeste,23,Ceará,2307,Sul Cearense,23032,Cariri,06,RM Cariri,2307304,JUAZEIRO DO NORTE,230730405,JUAZEIRO DO NORTE,23073040500,JUAZEIRO DO NORTE,2307304012,Timbaúba,1,0,183,624,3.41,2.89,441.39,91491.14,472.36,83232.03,275.08,81895.19,426.29,62396.46,NA
230730405000244,2,Região Nordeste,23,Ceará,2307,Sul Cearense,23032,Cariri,06,RM Cariri,2307304,JUAZEIRO DO NORTE,230730405,JUAZEIRO DO NORTE,23073040500,JUAZEIRO DO NORTE,2307304015,Limoeiro,1,0,91,337,3.7,4.1,590.54,734432.56,647.46,768782.2,337,411347.22,575.37,566093.23,NA
230730405000245,2,Região Nordeste,23,Ceará,2307,Sul Cearense,23032,Cariri,06,RM Cariri,2307304,JUAZEIRO DO NORTE,230730405,JUAZEIRO DO NORTE,23073040500,JUAZEIRO DO NORTE,2307304015,Limoeiro,1,0,164,660,4.02,3.57,618.35,2434051.92,694.59,2682892.64,301.02,827814.77,537.61,1353001.5,NA
230730405000246,2,Região Nordeste,23,Ceará,2307,Sul Cearense,23032,Cariri,06,RM Cariri,2307304,JUAZEIRO DO NORTE,230730405,JUAZEIRO DO NORTE,23073040500,JUAZEIRO DO NORTE,2307304015,Limoeiro,1,0,243,844,3.47,1.88,1681.54,43278049.47,1768.89,45380845.41,859.41,16383454.44,1302.73,24274977.12,NA
230730405000247,2,Região Nordeste,23,Ceará,2307,Sul Cearense,23032,Cariri,06,RM Cariri,2307304,JUAZEIRO DO NORTE,230730405,JUAZEIRO DO NORTE,23073040500,JUAZEIRO DO NORTE,2307304012,Timbaúba,1,0,66,235,3.56,2.99,559.61,452351.78,636.79,465825.25,306.36,276792.08,548.07,363496.7,NA
230730405000248,2,Região Nordeste,23,Ceará,2307,Sul Cearense,23032,Cariri,06,RM Cariri,2307304,JUAZEIRO DO NORTE,230730405,JUAZEIRO DO NORTE,23073040500,JUAZEIRO DO NORTE,2307304015,Limoeiro,1,0,202,704,3.49,2.32,697.48,541743.97,718.83,542986.22,381.74,324851.44,617.96,380039.47,NA
230730405000249,2,Região Nordeste,23,Ceará,2307,Sul Cearense,23032,Cariri,06,RM Cariri,2307304,JUAZEIRO DO NORTE,230730405,JUAZEIRO DO NORTE,23073040500,JUAZEIRO DO NORTE,2307304015,Limoeiro,1,0,165,571,3.46,3.05,624.89,323169.93,656.73,318697.3,363.44,223633.15,543.49,236605.08,NA
230730405000250,2,Região Nordeste,23,Ceará,2307,Sul Cearense,23032,Cariri,06,RM Cariri,2307304,JUAZEIRO DO NORTE,230730405,JUAZEIRO DO NORTE,23073040500,JUAZEIRO DO NORTE,2307304015,Limoeiro,1,0,174,593,3.41,3.26,504.17,75388.85,534.91,63468.58,302.38,95982.94,476.4,68232.01,NA
230730405000251,2,Região Nordeste,23,Ceará,2307,Sul Cearense,23032,Cariri,06,RM Cariri,2307304,JUAZEIRO DO NORTE,230730405,JUAZEIRO DO NORTE,23073040500,JUAZEIRO DO NORTE,2307304018,João Cabral,1,0,177,600,3.39,2.49,478.27,104924.16,503.89,97590.87,272.66,98039.42,418.6,89397.77,NA
230730405000252,2,Região Nordeste,23,Ceará,2307,Sul Cearense,23032,Cariri,06,RM Cariri,2307304,JUAZEIRO DO NORTE,230730405,JUAZEIRO DO NORTE,23073040500,JUAZEIRO DO NORTE,2307304018,João Cabral,1,0,285,1030,3.61,3.46,471.48,92679.23,503.26,82894.44,266.21,96490.95,456.59,78536.18,NA
230730405000253,2,Região Nordeste,23,Ceará,2307,Sul Cearense,23032,Cariri,06,RM Cariri,2307304,JUAZEIRO DO NORTE,230730405,JUAZEIRO DO NORTE,23073040500,JUAZEIRO DO NORTE,2307304018,João Cabral,1,0,334,1209,3.62,3.13,620.71,426529.55,681.96,426849.16,349.49,314180.65,600.6,389238.08,NA
230730405000254,2,Região Nordeste,23,Ceará,2307,Sul Cearense,23032,Cariri,06,RM Cariri,2307304,JUAZEIRO DO NORTE,230730405,JUAZEIRO DO NORTE,23073040500,JUAZEIRO DO NORTE,2307304018,João Cabral,1,0,316,1178,3.73,3.28,515.45,255183.28,573.53,250609.98,275.94,155709.2,463.99,174605.64,NA
230730405000255,2,Região Nordeste,23,Ceará,2307,Sul Cearense,23032,Cariri,06,RM Cariri,2307304,JUAZEIRO DO NORTE,230730405,JUAZEIRO DO NORTE,23073040500,JUAZEIRO DO NORTE,2307304018,João Cabral,1,0,195,757,3.88,3.93,469.89,119988.19,509.04,109998.93,259.15,91858.35,407.63,83942.96,NA
230730405000256,2,Região Nordeste,23,Ceará,2307,Sul Cearense,23032,Cariri,06,RM Cariri,2307304,JUAZEIRO DO NORTE,230730405,JUAZEIRO DO NORTE,23073040500,JUAZEIRO DO NORTE,2307304018,João Cabral,1,0,159,587,3.69,3.02,461.48,51058.07,489.17,40506.47,230.81,66043.78,391.45,49065.28,NA
230730405000257,2,Região Nordeste,23,Ceará,2307,Sul Cearense,23032,Cariri,06,RM Cariri,2307304,JUAZEIRO DO NORTE,230730405,JUAZEIRO DO NORTE,23073040500,JUAZEIRO DO NORTE,2307304018,João Cabral,1,0,185,713,3.85,4.52,395.82,210533.42,512.07,212854.61,238.8,128301.11,470.78,143781.56,NA
230730405000258,2,Região Nordeste,23,Ceará,2307,Sul Cearense,23032,Cariri,06,RM Cariri,2307304,JUAZEIRO DO NORTE,230730405,JUAZEIRO DO NORTE,23073040500,JUAZEIRO DO NORTE,2307304028,Lagoa Seca,1,0,177,664,3.75,2.77,803.78,1031056.13,827.15,1041764.12,422.22,585012.13,672.84,764154.93,NA
230730405000259,2,Região Nordeste,23,Ceará,2307,Sul Cearense,23032,Cariri,06,RM Cariri,2307304,JUAZEIRO DO NORTE,230730405,JUAZEIRO DO NORTE,23073040500,JUAZEIRO DO NORTE,2307304020,Antônio Vieira,1,0,105,414,3.94,3.96,600.25,704474.5,649.75,730679.67,314.13,340512.55,514.46,455195.28,NA
230730405000260,2,Região Nordeste,23,Ceará,2307,Sul Cearense,23032,Cariri,06,RM Cariri,2307304,JUAZEIRO DO NORTE,230730405,JUAZEIRO DO NORTE,23073040500,JUAZEIRO DO NORTE,2307304035,Frei Damião,1,0,304,1180,3.88,3.87,327.17,59680.32,372.51,51029.62,186.77,53890.7,342.22,45528.22,NA
230730405000261,2,Região Nordeste,23,Ceará,2307,Sul Cearense,23032,Cariri,06,RM Cariri,2307304,JUAZEIRO DO NORTE,230730405,JUAZEIRO DO NORTE,23073040500,JUAZEIRO DO NORTE,2307304035,Frei Damião,1,0,197,701,3.56,3.42,423.58,88578.37,482.34,72429.85,239.73,105074.18,447.81,103091.71,NA
230730405000262,2,Região Nordeste,23,Ceará,2307,Sul Cearense,23032,Cariri,06,RM Cariri,2307304,JUAZEIRO DO NORTE,230730405,JUAZEIRO DO NORTE,23073040500,JUAZEIRO DO NORTE,2307304035,Frei Damião,1,0,186,773,4.16,4.35,340.53,52825.8,398.35,38672.36,197.53,56067.72,365.55,42294.87,NA
230730405000263,2,Região Nordeste,23,Ceará,2307,Sul Cearense,23032,Cariri,06,RM Cariri,2307304,JUAZEIRO DO NORTE,230730405,JUAZEIRO DO NORTE,23073040500,JUAZEIRO DO NORTE,2307304035,Frei Damião,1,0,200,785,3.93,3.67,235.13,164889.55,447.87,219316.02,213.41,102130.04,435.76,111678.48,NA
230730405000264,2,Região Nordeste,23,Ceará,2307,Sul Cearense,23032,Cariri,06,RM Cariri,2307304,JUAZEIRO DO NORTE,230730405,JUAZEIRO DO NORTE,23073040500,JUAZEIRO DO NORTE,2307304035,Frei Damião,1,0,276,998,3.62,3.82,360.49,85987.31,476.05,58406.34,193.09,69224.72,416.43,56252.91,NA
230730405000265,2,Região Nordeste,23,Ceará,2307,Sul Cearense,23032,Cariri,06,RM Cariri,2307304,JUAZEIRO DO NORTE,230730405,JUAZEIRO DO NORTE,23073040500,JUAZEIRO DO NORTE,2307304035,Frei Damião,1,0,258,1012,3.92,3.61,468.79,135455.92,491.66,130801.43,248.3,100992.49,408.73,100672.17,NA
230730405000266,2,Região Nordeste,23,Ceará,2307,Sul Cearense,23032,Cariri,06,RM Cariri,2307304,JUAZEIRO DO NORTE,230730405,JUAZEIRO DO NORTE,23073040500,JUAZEIRO DO NORTE,2307304020,Antônio Vieira,1,0,19,86,4.53,3.15,764.21,339046.18,806.67,322727.53,330.49,216922.2,643.11,221184.32,NA
230730405000267,2,Região Nordeste,23,Ceará,2307,Sul Cearense,23032,Cariri,06,RM Cariri,2307304,JUAZEIRO DO NORTE,230730405,JUAZEIRO DO NORTE,23073040500,JUAZEIRO DO NORTE,2307304020,Antônio Vieira,1,0,263,954,3.63,3.04,429.16,152292.12,553.27,127544.42,263.42,109773.29,487.93,93746.28,NA
230730405000268,2,Região Nordeste,23,Ceará,2307,Sul Cearense,23032,Cariri,06,RM Cariri,2307304,JUAZEIRO DO NORTE,230730405,JUAZEIRO DO NORTE,23073040500,JUAZEIRO DO NORTE,2307304030,São José,1,0,422,1540,3.65,2.77,683.5,884218.8,775.37,931962.5,404.12,507430.97,666.69,662274.56,NA
230730405000269,2,Região Nordeste,23,Ceará,2307,Sul Cearense,23032,Cariri,06,RM Cariri,2307304,JUAZEIRO DO NORTE,230730405,JUAZEIRO DO NORTE,23073040500,JUAZEIRO DO NORTE,2307304030,São José,1,0,289,1101,3.81,3.74,446.26,135247.81,511.78,121518.06,236.59,100459.7,450.93,94807.82,NA
230730405000270,2,Região Nordeste,23,Ceará,2307,Sul Cearense,23032,Cariri,06,RM Cariri,2307304,JUAZEIRO DO NORTE,230730405,JUAZEIRO DO NORTE,23073040500,JUAZEIRO DO NORTE,2307304030,São José,1,0,232,798,3.44,2.09,1134.86,1317122.87,1202.22,1314306.39,610.28,916341.27,979.12,1109485.71,NA
230730405000271,2,Região Nordeste,23,Ceará,2307,Sul Cearense,23032,Cariri,06,RM Cariri,2307304,JUAZEIRO DO NORTE,230730405,JUAZEIRO DO NORTE,23073040500,JUAZEIRO DO NORTE,2307304030,São José,1,0,291,897,3.08,1.65,1595.67,2325581.68,1682.39,2306001.42,1024.19,1887161.44,1423.48,2054836.78,NA
230730405000272,2,Região Nordeste,23,Ceará,2307,Sul Cearense,23032,Cariri,06,RM Cariri,2307304,JUAZEIRO DO NORTE,230730405,JUAZEIRO DO NORTE,23073040500,JUAZEIRO DO NORTE,2307304030,São José,1,0,338,1276,3.78,3.64,1203.63,5025623.38,1351.58,5444811.58,649.91,2819231.51,1050.01,4136879.34,NA
230730405000273,2,Região Nordeste,23,Ceará,2307,Sul Cearense,23032,Cariri,06,RM Cariri,2307304,JUAZEIRO DO NORTE,230730405,JUAZEIRO DO NORTE,23073040500,JUAZEIRO DO NORTE,2307304024,Salgadinho,1,0,154,504,3.27,3.13,982.05,1794958.22,1021.86,1827261.64,567.57,847086.42,865.58,1034466.37,NA
230730405000274,2,Região Nordeste,23,Ceará,2307,Sul Cearense,23032,Cariri,06,RM Cariri,2307304,JUAZEIRO DO NORTE,230730405,JUAZEIRO DO NORTE,23073040500,JUAZEIRO DO NORTE,2307304002,Juvêncio Santana,1,0,199,718,3.61,2.97,653.8,659897.72,726.85,680647.97,387.56,446341.51,622.97,571136.96,NA
230730405000275,2,Região Nordeste,23,Ceará,2307,Sul Cearense,23032,Cariri,06,RM Cariri,2307304,JUAZEIRO DO NORTE,230730405,JUAZEIRO DO NORTE,23073040500,JUAZEIRO DO NORTE,2307304010,Novo Juazeiro,1,0,304,1066,3.51,2.46,1008.56,1318159.56,1127.22,1339566.6,622.87,824957.95,938.45,946979.31,NA
230730405000276,2,Região Nordeste,23,Ceará,2307,Sul Cearense,23032,Cariri,06,RM Cariri,2307304,JUAZEIRO DO NORTE,230730405,JUAZEIRO DO NORTE,23073040500,JUAZEIRO DO NORTE,2307304010,Novo Juazeiro,1,0,295,1010,3.42,2.04,1440.68,2747339.59,1496.48,2770326.69,757.48,1604479.41,1205.84,2014289.84,NA
230730405000277,2,Região Nordeste,23,Ceará,2307,Sul Cearense,23032,Cariri,06,RM Cariri,2307304,JUAZEIRO DO NORTE,230730405,JUAZEIRO DO NORTE,23073040500,JUAZEIRO DO NORTE,2307304010,Novo Juazeiro,1,0,283,1000,3.53,2.75,719.53,862721.6,938.38,920021.59,544.51,809141.53,867.75,1009356.71,NA
230730405000278,2,Região Nordeste,23,Ceará,2307,Sul Cearense,23032,Cariri,06,RM Cariri,2307304,JUAZEIRO DO NORTE,230730405,JUAZEIRO DO NORTE,23073040500,JUAZEIRO DO NORTE,2307304009,Betolândia,1,0,26,87,3.35,1.84,2580.38,59137451.85,2580.38,59137451.85,1140.41,21950251.22,1982.14,36837656.27,NA
230730405000279,2,Região Nordeste,23,Ceará,2307,Sul Cearense,23032,Cariri,06,RM Cariri,2307304,JUAZEIRO DO NORTE,230730405,JUAZEIRO DO NORTE,23073040500,JUAZEIRO DO NORTE,2307304032,Tiradentes,1,0,256,1030,4.02,4.63,1003.16,3771858.31,1048.2,3894496.48,500.86,2193215.8,804.92,3281947.48,NA
230730405000280,2,Região Nordeste,23,Ceará,2307,Sul Cearense,23032,Cariri,06,RM Cariri,2307304,JUAZEIRO DO NORTE,230730405,JUAZEIRO DO NORTE,23073040500,JUAZEIRO DO NORTE,2307304032,Tiradentes,1,0,247,825,3.34,2.22,1211.47,2328612.55,1431.74,2437149.18,851.36,2198035.65,1288.23,2764413.64,NA
230730405000281,2,Região Nordeste,23,Ceará,2307,Sul Cearense,23032,Cariri,06,RM Cariri,2307304,JUAZEIRO DO NORTE,230730405,JUAZEIRO DO NORTE,23073040500,JUAZEIRO DO NORTE,2307304032,Tiradentes,1,0,174,670,3.85,2.87,1026.89,2866268.01,1276.27,3246795.02,604.67,1399722.48,1079.76,1988425.03,NA
230730405000282,2,Região Nordeste,23,Ceará,2307,Sul Cearense,23032,Cariri,06,RM Cariri,2307304,JUAZEIRO DO NORTE,230730405,JUAZEIRO DO NORTE,23073040500,JUAZEIRO DO NORTE,2307304032,Tiradentes,1,0,189,725,3.84,2.71,585.95,878422.36,733.4,992089.59,351.15,438840.27,615.54,607010.7,NA
230730405000283,2,Região Nordeste,23,Ceará,2307,Sul Cearense,23032,Cariri,06,RM Cariri,2307304,JUAZEIRO DO NORTE,230730405,JUAZEIRO DO NORTE,23073040500,JUAZEIRO DO NORTE,2307304032,Tiradentes,1,0,192,731,3.81,4.98,787.09,843018.11,883.75,861230.02,403.36,452981.89,692.63,577834.74,NA
230730405000284,2,Região Nordeste,23,Ceará,2307,Sul Cearense,23032,Cariri,06,RM Cariri,2307304,JUAZEIRO DO NORTE,230730405,JUAZEIRO DO NORTE,23073040500,JUAZEIRO DO NORTE,2307304032,Tiradentes,1,0,195,710,3.64,2.79,908.56,1925914.17,952.52,1977505.68,482.65,910822.14,790.55,1249430.24,NA
230730405000285,2,Região Nordeste,23,Ceará,2307,Sul Cearense,23032,Cariri,06,RM Cariri,2307304,JUAZEIRO DO NORTE,230730405,JUAZEIRO DO NORTE,23073040500,JUAZEIRO DO NORTE,2307304033,Campo Alegre,1,0,57,216,3.79,1.81,583.67,270421.58,627.72,263040.36,296.36,154048.37,435.97,165849.93,NA
230730405000286,2,Região Nordeste,23,Ceará,2307,Sul Cearense,23032,Cariri,06,RM Cariri,2307304,JUAZEIRO DO NORTE,230730405,JUAZEIRO DO NORTE,23073040500,JUAZEIRO DO NORTE,2307304032,Tiradentes,1,0,117,392,3.35,1.78,845.57,603163.44,907.63,590992.6,471.79,449755.64,783.86,502905.29,NA
230730405000287,2,Região Nordeste,23,Ceará,2307,Sul Cearense,23032,Cariri,06,RM Cariri,2307304,JUAZEIRO DO NORTE,230730405,JUAZEIRO DO NORTE,23073040500,JUAZEIRO DO NORTE,2307304033,Campo Alegre,1,0,32,119,3.72,3.95,602.5,143122.58,642.67,126289.2,285.78,130621.96,522.1,114954.68,NA
230730405000288,2,Região Nordeste,23,Ceará,2307,Sul Cearense,23032,Cariri,06,RM Cariri,2307304,JUAZEIRO DO NORTE,230730405,JUAZEIRO DO NORTE,23073040500,JUAZEIRO DO NORTE,2307304032,Tiradentes,1,0,221,846,3.83,2.93,1052.94,9300054.36,1257.83,10860504.98,552.38,3402682.46,973.18,5590717.01,NA
230730405000289,2,Região Nordeste,23,Ceará,2307,Sul Cearense,23032,Cariri,06,RM Cariri,2307304,JUAZEIRO DO NORTE,230730405,JUAZEIRO DO NORTE,23073040500,JUAZEIRO DO NORTE,2307304032,Tiradentes,1,0,226,795,3.52,2.2,1479.59,4114008.3,1519.94,4165107.51,756.25,1902055.18,1135.19,2426098.45,NA
230730405000290,2,Região Nordeste,23,Ceará,2307,Sul Cearense,23032,Cariri,06,RM Cariri,2307304,JUAZEIRO DO NORTE,230730405,JUAZEIRO DO NORTE,23073040500,JUAZEIRO DO NORTE,2307304031,José Geraldo da Cruz,1,0,257,864,3.36,2.13,705.18,485326.03,805.47,473515.28,401.74,319780.36,661.7,354769.95,NA
230730405000291,2,Região Nordeste,23,Ceará,2307,Sul Cearense,23032,Cariri,06,RM Cariri,2307304,JUAZEIRO DO NORTE,230730405,JUAZEIRO DO NORTE,23073040500,JUAZEIRO DO NORTE,2307304031,José Geraldo da Cruz,1,0,142,570,4.01,2.85,1395.04,3702928.18,1425.15,3740206.06,626.35,1438606.91,1035.65,1956502.76,NA
230730405000292,2,Região Nordeste,23,Ceará,2307,Sul Cearense,23032,Cariri,06,RM Cariri,2307304,JUAZEIRO DO NORTE,230730405,JUAZEIRO DO NORTE,23073040500,JUAZEIRO DO NORTE,2307304016,Pirajá,1,0,124,426,3.44,1.89,831.84,807572.35,904.81,812432.42,405.08,456049.28,795.24,585708.29,NA
230730405000293,2,Região Nordeste,23,Ceará,2307,Sul Cearense,23032,Cariri,06,RM Cariri,2307304,JUAZEIRO DO NORTE,230730405,JUAZEIRO DO NORTE,23073040500,JUAZEIRO DO NORTE,2307304031,José Geraldo da Cruz,1,0,40,142,3.55,2.97,566.63,209173.57,647.57,185974.08,318.26,147915.65,486.49,144208.08,NA
230730405000294,2,Região Nordeste,23,Ceará,2307,Sul Cearense,23032,Cariri,06,RM Cariri,2307304,JUAZEIRO DO NORTE,230730405,JUAZEIRO DO NORTE,23073040500,JUAZEIRO DO NORTE,2307304026,Três-Marias,1,0,234,910,3.89,4.02,424.3,153281.58,451.3,150839.03,215.55,100742.18,389.94,114277.95,NA
230730405000295,2,Região Nordeste,23,Ceará,2307,Sul Cearense,23032,Cariri,06,RM Cariri,2307304,JUAZEIRO DO NORTE,230730405,JUAZEIRO DO NORTE,23073040500,JUAZEIRO DO NORTE,2307304026,Três-Marias,1,0,108,414,3.83,4.14,356.78,40856.49,385.32,33049.05,201.74,48412.74,324.8,37923.12,NA
230730405000296,2,Região Nordeste,23,Ceará,2307,Sul Cearense,23032,Cariri,06,RM Cariri,2307304,JUAZEIRO DO NORTE,230730405,JUAZEIRO DO NORTE,23073040500,JUAZEIRO DO NORTE,2307304006,Pedrinhas,1,0,133,480,3.61,2.72,309.31,62747.18,380.91,49880.22,214.52,64566.16,373.65,52948.04,NA
230730405000297,2,Região Nordeste,23,Ceará,2307,Sul Cearense,23032,Cariri,06,RM Cariri,2307304,JUAZEIRO DO NORTE,230730405,JUAZEIRO DO NORTE,23073040500,JUAZEIRO DO NORTE,2307304007,Aeroporto,1,0,76,310,4.08,3.57,440.39,34208.22,464.86,24601.78,209.34,150666.34,478.48,216183.53,NA
230730405000298,2,Região Nordeste,23,Ceará,2307,Sul Cearense,23032,Cariri,06,RM Cariri,2307304,JUAZEIRO DO NORTE,230730405,JUAZEIRO DO NORTE,23073040500,JUAZEIRO DO NORTE,2307304000,JUAZEIRO DO NORTE (demais setores),8,0,14,55,3.93,4.38,440.93,20500.99,440.93,20500.99,254.85,67368.81,453.07,28519.61,NA
230730405000299,2,Região Nordeste,23,Ceará,2307,Sul Cearense,23032,Cariri,06,RM Cariri,2307304,JUAZEIRO DO NORTE,230730405,JUAZEIRO DO NORTE,23073040500,JUAZEIRO DO NORTE,2307304008,Brejo Seco,1,0,10,36,3.6,3.38,489.1,4414.77,489.1,4414.77,277,54224.9,422.1,19742.39,NA
230730405000302,2,Região Nordeste,23,Ceará,2307,Sul Cearense,23032,Cariri,06,RM Cariri,2307304,JUAZEIRO DO NORTE,230730405,JUAZEIRO DO NORTE,23073040500,JUAZEIRO DO NORTE,2307304033,Campo Alegre,1,0,12,58,4.83,17.61,258.33,60196.97,442.86,15023.81,101.18,36462.59,396.92,24756.41,NA
230730405000303,2,Região Nordeste,23,Ceará,2307,Sul Cearense,23032,Cariri,06,RM Cariri,2307304,JUAZEIRO DO NORTE,230730405,JUAZEIRO DO NORTE,23073040500,JUAZEIRO DO NORTE,2307304034,Cidade Universitária,1,0,85,269,3.16,2.12,2049.54,9899086.28,2600.16,11145434.29,1059.78,5134831.29,1971.89,7777229.95,NA
230730405000304,2,Região Nordeste,23,Ceará,2307,Sul Cearense,23032,Cariri,06,RM Cariri,2307304,JUAZEIRO DO NORTE,230730405,JUAZEIRO DO NORTE,23073040500,JUAZEIRO DO NORTE,2307304027,Planalto,1,0,53,175,3.3,3.79,7000.43,204829373.75,7420.46,214189553.36,3280.86,87659808.87,5155.64,128534630.59,NA
230730405000305,2,Região Nordeste,23,Ceará,2307,Sul Cearense,23032,Cariri,06,RM Cariri,2307304,JUAZEIRO DO NORTE,230730405,JUAZEIRO DO NORTE,23073040500,JUAZEIRO DO NORTE,2307304006,Pedrinhas,1,0,22,80,3.64,1.77,503.18,60317.97,527.14,50071.43,261.42,75576.99,442.41,47099.25,NA
230730405000306,2,Região Nordeste,23,Ceará,2307,Sul Cearense,23032,Cariri,06,RM Cariri,2307304,JUAZEIRO DO NORTE,230730405,JUAZEIRO DO NORTE,23073040500,JUAZEIRO DO NORTE,2307304026,Três-Marias,1,0,7,29,4.14,2.14,1556.43,1446722.62,1556.43,1446722.62,723.41,1078322.35,1446.82,1113171.36,NA
230730405000307,2,Região Nordeste,23,Ceará,2307,Sul Cearense,23032,Cariri,06,RM Cariri,2307304,JUAZEIRO DO NORTE,230730405,JUAZEIRO DO NORTE,23073040500,JUAZEIRO DO NORTE,2307304025,Horto,1,0,9,35,3.89,3.11,477.22,10894.44,477.22,10894.44,209.3,61934.78,431.69,29726.9,NA
230730405000308,2,Região Nordeste,23,Ceará,2307,Sul Cearense,23032,Cariri,06,RM Cariri,2307304,JUAZEIRO DO NORTE,230730405,JUAZEIRO DO NORTE,23073040500,JUAZEIRO DO NORTE,2307304025,Horto,1,0,10,42,4.2,7.07,566,87395.33,566,87395.33,315.58,88817.13,473.36,57092.62,NA
230730405000309,2,Região Nordeste,23,Ceará,2307,Sul Cearense,23032,Cariri,06,RM Cariri,2307304,JUAZEIRO DO NORTE,230730405,JUAZEIRO DO NORTE,23073040500,JUAZEIRO DO NORTE,2307304007,Aeroporto,1,0,12,52,4.33,4.97,916.83,2026689.06,1100.2,2252908.84,354.68,734704.52,855.41,1381661.38,NA
230730405000310,2,Região Nordeste,23,Ceará,2307,Sul Cearense,23032,Cariri,06,RM Cariri,2307304,JUAZEIRO DO NORTE,230730405,JUAZEIRO DO NORTE,23073040500,JUAZEIRO DO NORTE,2307304012,Timbaúba,1,0,202,742,3.67,3.11,426.86,67428.66,449.09,60922.5,242.9,73685.57,390.86,60704.14,NA
230730405000311,2,Região Nordeste,23,Ceará,2307,Sul Cearense,23032,Cariri,06,RM Cariri,2307304,JUAZEIRO DO NORTE,230730405,JUAZEIRO DO NORTE,23073040500,JUAZEIRO DO NORTE,2307304000,JUAZEIRO DO NORTE (demais setores),8,0,11,35,3.18,2.16,629.55,49432.27,629.55,49432.27,360.57,93152.39,515.1,51494.19,NA
230730405000312,2,Região Nordeste,23,Ceará,2307,Sul Cearense,23032,Cariri,06,RM Cariri,2307304,JUAZEIRO DO NORTE,230730405,JUAZEIRO DO NORTE,23073040500,JUAZEIRO DO NORTE,2307304000,JUAZEIRO DO NORTE (demais setores),8,0,9,26,2.89,1.86,413.44,83596.78,413.44,83596.78,265.04,71472.65,334.79,66678.06,NA
230730405000313,2,Região Nordeste,23,Ceará,2307,Sul Cearense,23032,Cariri,06,RM Cariri,2307304,JUAZEIRO DO NORTE,230730405,JUAZEIRO DO NORTE,23073040500,JUAZEIRO DO NORTE,2307304006,Pedrinhas,1,0,297,1082,3.64,3.81,421.96,92288.74,478.33,77598.17,245.75,110292.99,409.74,116711.45,NA
230730405000314,2,Região Nordeste,23,Ceará,2307,Sul Cearense,23032,Cariri,06,RM Cariri,2307304,JUAZEIRO DO NORTE,230730405,JUAZEIRO DO NORTE,23073040500,JUAZEIRO DO NORTE,2307304006,Pedrinhas,1,0,343,1268,3.7,3.62,512.21,498947.07,563.1,519931.74,252.38,236608.02,435,328539.02,NA
230730405000315,2,Região Nordeste,23,Ceará,2307,Sul Cearense,23032,Cariri,06,RM Cariri,2307304,JUAZEIRO DO NORTE,230730405,JUAZEIRO DO NORTE,23073040500,JUAZEIRO DO NORTE,2307304006,Pedrinhas,1,0,155,571,3.68,3.31,608.78,234413.59,683.78,211847.56,359.93,223424.64,632.2,220293,NA
230730410000001,2,Região Nordeste,23,Ceará,2307,Sul Cearense,23032,Cariri,06,RM Cariri,2307304,JUAZEIRO DO NORTE,230730410,MARROCOS,23073041000,MARROCOS,2307304000,JUAZEIRO DO NORTE (demais setores),1,0,3,11,3.67,0.33,314.67,35505.33,314.67,35505.33,223.71,48393.9,313.2,37557.2,NA
230730410000002,2,Região Nordeste,23,Ceará,2307,Sul Cearense,23032,Cariri,06,RM Cariri,2307304,JUAZEIRO DO NORTE,230730410,MARROCOS,23073041000,MARROCOS,2307304000,JUAZEIRO DO NORTE (demais setores),8,0,223,928,4.16,6.11,340.97,190100.69,506.91,198555.41,165.13,96923.22,480.03,130724.08,NA
230730410000003,2,Região Nordeste,23,Ceará,2307,Sul Cearense,23032,Cariri,06,RM Cariri,2307304,JUAZEIRO DO NORTE,230730410,MARROCOS,23073041000,MARROCOS,2307304000,JUAZEIRO DO NORTE (demais setores),8,0,268,1073,4,3.99,370.38,113097.94,408.49,109151.95,199.62,78213.65,368.37,82177.81,NA
230730410000004,2,Região Nordeste,23,Ceará,2307,Sul Cearense,23032,Cariri,06,RM Cariri,2307304,JUAZEIRO DO NORTE,230730410,MARROCOS,23073041000,MARROCOS,2307304000,JUAZEIRO DO NORTE (demais setores),5,0,165,627,3.8,4.06,402.09,58655.06,442.3,46656.09,207.34,63593.22,389.04,48581.08,NA
230730410000005,2,Região Nordeste,23,Ceará,2307,Sul Cearense,23032,Cariri,06,RM Cariri,2307304,JUAZEIRO DO NORTE,230730410,MARROCOS,23073041000,MARROCOS,2307304000,JUAZEIRO DO NORTE (demais setores),8,0,1,5,5,0,510,0,510,0,380,33800,380,33800,NA
230730415000001,2,Região Nordeste,23,Ceará,2307,Sul Cearense,23032,Cariri,06,RM Cariri,2307304,JUAZEIRO DO NORTE,230730415,PADRE CÍCERO,23073041500,PADRE CÍCERO,2307304000,JUAZEIRO DO NORTE (demais setores),1,0,332,1168,3.52,2.87,473.88,333184.87,572.11,346098.09,289.58,228069.38,514.19,289585.1,NA
230730415000002,2,Região Nordeste,23,Ceará,2307,Sul Cearense,23032,Cariri,06,RM Cariri,2307304,JUAZEIRO DO NORTE,230730415,PADRE CÍCERO,23073041500,PADRE CÍCERO,2307304000,JUAZEIRO DO NORTE (demais setores),8,0,111,421,3.79,4.27,433.02,80702.91,453.44,75195.94,244.37,74142.19,374.12,64924.89,NA
230730415000003,2,Região Nordeste,23,Ceará,2307,Sul Cearense,23032,Cariri,06,RM Cariri,2307304,JUAZEIRO DO NORTE,230730415,PADRE CÍCERO,23073041500,PADRE CÍCERO,2307304000,JUAZEIRO DO NORTE (demais setores),8,0,310,1189,3.84,3.97,418.55,137028.04,485.95,126299.94,262.84,122124.2,437.2,126914.14,NA
230730415000004,2,Região Nordeste,23,Ceará,2307,Sul Cearense,23032,Cariri,06,RM Cariri,2307304,JUAZEIRO DO NORTE,230730415,PADRE CÍCERO,23073041500,PADRE CÍCERO,2307304000,JUAZEIRO DO NORTE (demais setores),8,0,338,1305,3.86,3.78,305.49,81873.81,395.62,70328.65,224.39,88758.37,439.15,79377.37,NA
